字號,字,頻次
1,東,320
2,菄,246
11,凍,12
14,崠,2
18,同,244
19,仝,170
20,童,191
21,僮,4
22,銅,282
23,桐,220
28,筒,209
29,瞳,165
39,橦,1
40,烔,1
63,中,321
64,衷,33
65,忠,245
67,蟲,348
68,沖,20
70,盅,22
75,終,214
76,眾,10
79,螽,1
80,𧑄,1
86,鴤,1
90,忡,4
92,盅,26
93,崇,212
94,崈,154
97,嵩,168
98,崧,131
101,菘,1
106,戎,189
107,𢦦,127
113,狨,270
114,絨,328
115,弓,333
116,躳,141
117,躬,185
119,宮,241
121,融,189
122,融,147
125,雄,254
126,熊,290
128,夢,1
133,穹,20
136,芎,11
137,𦵡,1
140,窮,356
141,藭,1
143,馮,289
150,風,357
151,飌,242
152,楓,189
157,豐,233
158,酆,3
160,灃,2
165,充,249
167,茺,1
172,隆,205
173,癃,1
175,窿,7
178,空,320
179,箜,1
186,倥,1
192,公,356
193,功,195
194,工,258
196,蚣,149
200,攻,196
205,蒙,349
206,冡,1
207,濛,6
209,艨,1
210,朦,9
211,矇,4
214,檬,3
219,幪,1
223,蠓,2
228,朦,11
230,懜,2
232,籠,292
235,朧,9
239,瀧,2
240,聾,264
242,礱,25
245,嚨,24
246,蘢,1
247,櫳,1
252,瓏,3
253,曨,2
259,洪,203
261,訌,1
262,紅,388
263,虹,189
265,鴻,191
282,叢,198
283,藂,147
287,翁,342
290,蓊,2
295,怱,148
296,忩,141
297,葱,332
300,聦,196
303,騘,1
305,囪,151
308,㷓,1
310,通,348
326,椶,228
327,騣,160
341,蓬,197
343,篷,331
345,蜂,1
351,烘,208
353,魟,5
361,冬,382
362,𡘬,271
368,彤,8
369,疼,121
391,琮,2
394,淙,7
396,鬃,30
401,農,342
402,䢉,233
403,辳,235
404,𨑋,235
406,噥,1
410,儂,134
411,𧗕,199
412,膿,252
413,攻,9
422,宗,291
424,鬆,313
425,䯳,266
427,鍾,188
428,鐘,311
430,忪,1
445,龍,388
451,籠,2
454,舂,273
456,摏,7
460,松,372
461,㮤,287
464,𧘂,216
465,衝,266
467,憧,1
475,容,287
476,溶,37
478,庸,150
479,𦤘,124
484,鎔,130
485,鏞,6
486,銿,1
488,傭,9
492,鱅,1
493,蓉,148
510,封,327
511,𡉚,228
512,犎,1
513,葑,2
515,胷,271
516,凶,271
517,𣧑,226
519,洶,11
522,兇,147
524,匈,26
529,邕,7
530,雍,183
536,癰,112
540,壅,1
547,濃,338
553,重,307
560,從,261
561,从,187
570,逢,189
571,縫,295
574,𥎌,1
577,捀,10
578,峯,199
579,鋒,184
580,丰,13
584,蠭,245
585,蜂,312
586,𧒒,245
589,㷭,2
590,烽,9
595,縱,147
597,蹤,185
604,茸,179
615,邛,5
618,笻,1
633,恭,241
634,龔,14
635,供,271
645,淞,1
647,鬆,16
652,從,142
664,江,325
665,扛,177
666,杠,78
669,矼,35
670,豇,105
671,肛,18
697,囪,45
698,䆫,343
699,牎,243
700,窓,278
706,邦,300
707,𤰫,200
708,梆,3
712,降,211
713,缸,177
714,瓨,143
718,胮,52
719,𤵸,52
725,雙,418
732,龐,213
742,腔,215
743,𤟄,143
744,羫,143
754,幢,2
755,撞,10
758,噇,8
765,樁,208
772,支,355
777,卮,1
778,栀,116
779,枝,218
780,祇,2
783,肢,175
784,胑,131
785,𨈛,131
788,氏,1
798,眵,59
801,移,269
802,䄬,207
824,拸,1
827,蛇,1
833,爲,149
834,為,224
841,𪎮,95
842,麾,108
847,逶,1
849,萎,137
853,痿,2
855,委,2
858,糜,145
859,縻,2
864,𪎭,51
877,錘,262
879,𡍮,159
880,垂,226
881,陲,1
889,羸,1
891,吹,392
892,炊,222
896,鮍,1
897,披,284
906,陂,3
908,碑,353
915,襬,1
917,隨,349
918,隋,39
920,虧,315
921,闚,128
922,窺,148
923,奇,219
924,琦,1
925,騎,318
936,岐,135
937,歧,8
948,芪,7
955,伎,1
959,犧,243
960,羲,2
962,桸,2
967,曦,2
977,㩻,17
981,崎,3
988,宜,233
989,宐,155
990,𡪀,155
991,𡨆,155
992,儀,200
993,𥫃,153
999,皮,354
1000,疲,196
1008,匙,239
1018,兒,402
1019,𠒆,280
1022,離,199
1023,籬,221
1025,罹,1
1026,璃,164
1027,酈,1
1029,驪,1
1032,鸝,1
1033,鵹,1
1034,𪅆,1
1039,麗,1
1043,蠡,2
1046,漓,2
1059,疵,137
1068,貲,1
1069,頿,1
1073,訾,1
1084,羈,7
1085,畸,2
1089,奇,21
1091,妓,1
1093,卑,186
1097,裨,9
1107,脾,221
1111,蜱,4
1121,施,249
1131,斯,199
1136,廝,136
1137,㒋,125
1157,差,129
1162,螭,1
1164,魑,1
1165,黐,10
1171,彌,194
1172,𢏏,147
1179,獼,3
1180,𥸀,10
1187,瀰,1
1188,雌,216
1193,知,456
1194,䵹,162
1195,鼅,162
1196,蜘,200
1205,欹,3
1210,馳,214
1212,池,285
1214,篪,2
1215,䶵,1
1216,踟,1
1225,危,272
1232,簁,69
1251,規,301
1264,箠,1
1267,眵,2
1269,齜,2
1278,脂,240
1288,姨,340
1289,彝,1
1290,寅,17
1291,夷,189
1299,痍,1
1304,胰,4
1307,羨,1
1314,師,388
1317,篩,285
1318,獅,197
1319,螄,9
1323,琵,173
1327,貔,1
1333,枇,165
1343,咨,153
1344,資,361
1349,諮,1
1350,姿,174
1358,飢,319
1360,肌,175
1370,辴,1
1372,𥭘,1
1385,茨,2
1386,薋,4
1387,薺,6
1388,餈,147
1389,𩜴,126
1393,瓷,279
1398,尼,214
1399,柅,2
1403,呢,28
1406,墀,1
1407,𡎰,1
1410,遲,371
1411,遟,278
1421,私,340
1426,尸,159
1428,屍,237
1429,蓍,1
1431,𦓀,1
1432,耆,3
1437,祁,185
1439,鰭,158
1441,伊,183
1442,咿,1
1446,棃,241
1447,梨,307
1450,蜊,4
1452,犂,1
1460,葵,295
1468,追,301
1471,龜,345
1472,龜,279
1473,𠃾,278
1477,蕤,2
1484,衰,257
1486,𤸬,10
1487,惟,157
1489,維,234
1490,遺,213
1491,濰,1
1497,唯,54
1513,綏,143
1514,雖,245
1515,荾,1
1516,荽,4
1517,䒘,1
1518,葰,1
1522,睢,1
1523,濉,1
1525,逵,180
1528,馗,1
1544,眉,279
1545,睂,210
1546,嵋,3
1547,湄,1
1549,鶥,1
1550,楣,159
1555,黴,161
1556,麋,7
1565,悲,313
1566,錐,202
1567,隹,7
1569,騅,1
1574,誰,197
1577,帷,20
1584,丕,185
1585,㔻,164
1602,鎚,22
1603,椎,149
1604,槌,198
1605,桘,150
1609,胝,10
1610,疷,4
1613,紕,1
1621,巋,1
1624,咦,1
1630,之,289
1632,芝,176
1633,㞢,131
1634,飴,141
1635,𩛛,121
1636,䬮,123
1637,怡,20
1645,貽,19
1648,𦣞,1
1649,𩠢,1
1650,頤,3
1651,詒,2
1654,宧,1
1661,時,367
1662,旹,275
1666,蒔,5
1667,鰣,68
1668,疑,341
1669,嶷,1
1671,思,213
1672,恖,161
1673,司,212
1676,絲,264
1688,其,197
1689,期,196
1690,旗,290
1694,萁,1
1695,𧯯,1
1696,蜝,17
1697,琪,2
1698,麒,19
1700,淇,1
1704,棊,166
1705,櫀,177
1706,碁,172
1709,鯕,7
1710,蘄,7
1711,祺,2
1712,禥,1
1718,詩,321
1724,而,286
1745,欺,305
1755,抾,2
1756,姬,15
1759,基,338
1760,箕,33
1761,萁,9
1766,居,1
1768,詞,230
1769,祠,247
1771,辭,211
1772,辤,156
1773,辝,156
1775,釐,184
1776,貍,140
1777,狸,191
1780,剺,4
1798,淄,4
1801,輜,121
1802,錙,1
1804,緇,2
1805,䊷,1
1807,鯔,1
1812,熙,164
1813,嬉,167
1814,禧,13
1820,熹,9
1821,嘻,10
1825,醫,307
1826,毉,248
1829,噫,2
1831,癡,234
1833,笞,2
1834,痴,238
1835,治,17
1836,持,236
1838,蚩,2
1839,嗤,142
1845,慈,241
1846,礠,201
1847,鶿,8
1849,茲,131
1850,茲,144
1851,孳,6
1853,孜,8
1854,滋,218
1855,嗞,1
1868,微,221
1871,薇,10
1876,揮,260
1877,煇,135
1878,輝,180
1879,暉,20
1880,徽,208
1890,幃,1
1891,韋,17
1892,闈,1
1893,圍,279
1896,違,189
1904,霏,2
1905,䬠,1
1906,妃,181
1907,菲,17
1914,飛,380
1915,扉,2
1916,緋,4
1918,非,211
1923,誹,1
1925,肥,366
1926,腓,1
1928,淝,1
1930,痱,6
1934,賁,8
1935,裴,2
1937,威,257
1938,葳,2
1945,祈,195
1947,旂,1
1949,畿,1
1950,㙨,1
1951,崎,6
1952,碕,1
1953,圻,1
1964,蘄,2
1965,機,308
1966,譏,172
1968,嘰,2
1970,磯,2
1972,饑,168
1974,幾,193
1978,璣,4
1981,希,203
1982,晞,3
1986,稀,232
1987,豨,9
1992,欷,1
1993,依,194
1995,衣,409
2001,沂,102
2003,巍,18
2005,歸,305
2006,㱕,244
2010,魚,433
2011,𩺰,297
2012,漁,161
2013,𩼪,130
2014,䰻,130
2015,䱷,130
2019,衙,1
2020,初,336
2022,書,386
2025,舒,207
2027,紓,1
2029,居,273
2031,据,1
2032,裾,6
2033,琚,2
2036,車,254
2043,渠,250
2047,磲,1
2069,余,323
2073,餘,185
2074,輿,7
2081,歟,1
2082,與,3
2085,舁,31
2086,擧,31
2087,妤,1
2088,伃,1
2091,予,2
2095,狳,1
2098,胥,11
2109,疽,3
2113,趄,1
2116,狙,1
2118,蛆,263
2125,鉏,296
2126,鋤,415
2131,攄,1
2135,疏,202
2136,梳,318
2138,蔬,174
2139,踈,1
2146,虛,311
2149,噓,164
2152,徐,355
2156,於,198
2157,扵,146
2159,淤,161
2161,豬,415
2162,䐗,324
2163,猪,324
2164,瀦,1
2168,閭,2
2170,廬,171
2171,蘆,1
2172,櫚,2
2173,驢,254
2184,諸,233
2185,櫧,2
2188,𧄔,2
2191,除,379
2192,躇,9
2193,儲,198
2194,涂,7
2204,如,308
2206,𨚴,1
2211,茹,17
2213,且,2
2218,虛,4
2219,墟,189
2221,袪,1
2230,菹,1
2231,𧂚,1
2234,蜍,5
2235,𧄔,48
2241,挐,2
2242,虞,171
2243,𩦢,126
2244,愚,223
2245,娛,187
2249,嵎,1
2251,禺,1
2252,隅,4
2262,芻,2
2264,無,276
2265,毋,2
2268,蕪,5
2269,誣,153
2270,巫,165
2286,于,189
2287,迂,2
2288,盂,195
2290,雩,1
2292,竽,1
2307,吁,141
2326,衢,11
2332,臞,1
2333,癯,1
2345,瞿,181
2350,蚼,1
2362,儒,242
2364,濡,2
2365,襦,2
2366,懦,3
2378,須,340
2379,鬚,263
2386,需,194
2392,株,187
2393,誅,168
2395,鼄,3
2396,蛛,185
2405,殊,243
2406,銖,2
2407,洙,1
2408,茱,8
2417,逾,138
2418,踰,2
2420,臾,1
2422,腴,1
2423,諛,1
2426,覦,1
2428,俞,23
2430,愉,194
2434,瑜,4
2439,榆,164
2443,渝,1
2448,瘉,1
2462,區,294
2464,驅,177
2465,敺,131
2466,嶇,1
2467,軀,31
2470,朱,340
2471,珠,269
2472,侏,12
2479,硃,145
2480,趨,185
2481,趍,55
2482,鯫,1
2483,趣,3
2487,瞜,3
2492,摟,1
2496,婁,1
2500,扶,330
2501,𢻳,198
2502,芙,158
2503,符,307
2505,鳧,1
2507,苻,1
2508,蚨,1
2509,夫,1
2527,雛,122
2528,鶵,108
2532,敷,179
2533,麩,177
2534,麱,124
2535,孚,11
2539,鋪,1
2541,俘,151
2547,孵,146
2552,稃,1
2553,𥹃,1
2554,莩,1
2575,跗,63
2576,趺,64
2577,膚,194
2578,肤,148
2587,夫,311
2590,扶,1
2596,紆,1
2603,迂,172
2608,輸,336
2611,樞,136
2612,姝,2
2616,廚,337
2617,躕,7
2621,拘,230
2622,駒,170
2629,跔,7
2631,俱,147
2632,痀,6
2640,模,288
2641,橅,218
2642,摸,153
2643,嫫,1
2646,謨,2
2651,膜,1
2653,匍,1
2657,菩,179
2658,䔕,123
2659,蒲,197
2662,胡,332
2665,壺,211
2666,狐,192
2669,瑚,3
2670,湖,267
2672,猢,1
2674,𪏻,8
2675,䊀,8
2676,𪍒,8
2677,糊,87
2678,弧,7
2679,乎,146
2680,𠂞,2
2682,瓠,125
2683,葫,36
2692,孤,206
2694,菰,19
2697,姑,260
2698,辜,18
2699,呱,2
2703,蛄,1
2705,鴣,6
2708,沽,15
2717,箍,255
2721,徒,209
2722,𨑒,6
2723,屠,186
2725,塗,262
2726,途,189
2731,涂,24
2734,荼,2
2735,圖,264
2736,啚,6
2752,奴,244
2753,㚢,4
2755,駑,1
2757,孥,6
2759,呼,235
2776,吾,179
2777,鼯,1
2778,𪁙,1
2779,𧋋,1
2780,吳,354
2786,蜈,170
2792,梧,181
2797,租,356
2799,盧,204
2803,蘆,192
2804,顱,3
2805,髗,1
2806,鱸,7
2807,攎,1
2808,櫨,1
2809,轤,1
2812,鸕,137
2813,艫,1
2815,瀘,2
2817,爐,292
2833,蘇,302
2834,穌,1
2836,酥,193
2837,徂,2
2838,䢐,1
2839,殂,1
2840,𣨐,1
2842,烏,362
2843,嗚,2
2844,洿,130
2845,污,158
2846,杇,2
2847,圬,1
2848,釫,1
2851,鎢,3
2853,於,1
2855,鄔,1
2866,晡,13
2876,枯,264
2882,跍,1
2883,挎,1
2887,麤,84
2888,麁,280
2891,觕,82
2893,粗,346
2906,都,285
2914,鋪,273
2925,齊,341
2926,臍,213
2928,蠐,1
2933,𨥦,1
2934,黎,180
2935,犂,363
2936,𤛿,293
2937,莉,6
2939,藜,2
2955,妻,305
2956,萋,3
2957,淒,42
2958,凄,5
2959,悽,8
2965,低,321
2973,隄,4
2974,堤,190
2983,䚣,1
2987,䬫,2
2989,嗁,159
2990,啼,224
2991,㖒,160
2992,蹏,148
2993,蹄,207
2995,提,271
2998,隄,43
3000,題,257
3003,綈,1
3007,締,1
3042,銻,1
3053,𦱔,142
3054,蓖,169
3056,篦,37
3066,雞,406
3067,鷄,291
3068,稽,174
3070,笄,3
3076,奚,142
3078,徯,1
3080,蹊,6
3089,嵇,1
3090,兮,123
3091,鼷,1
3106,倪,157
3108,霓,14
3114,猊,2
3115,麑,2
3116,貎,2
3117,鯢,2
3118,兒,1
3130,西,378
3131,卤,261
3132,卥,261
3133,棲,143
3134,栖,120
3136,犀,181
3137,嘶,2
3138,撕,48
3144,粞,1
3146,梯,376
3162,磇,5
3164,𠜱,5
3167,批,285
3169,齎,1
3177,擠,12
3185,迷,239
3191,泥,397
3192,埿,284
3195,谿,184
3196,嵠,185
3197,溪,255
3198,磎,185
3204,圭,148
3205,珪,3
3207,閨,218
3212,洼,12
3220,奎,206
3229,蝰,1
3234,攜,128
3235,携,112
3240,畦,119
3263,佳,233
3264,街,381
3266,鮭,13
3267,膎,4
3268,鞵,323
3269,鞋,425
3273,牌,379
3275,𥱼,77
3284,蝸,1
3287,蛙,170
3288,鼃,164
3289,咼,1
3290,喎,1
3295,柴,310
3302,查,1
3303,釵,198
3306,叉,6
3310,差,239
3312,竵,239
3319,崖,183
3320,涯,176
3327,娃,16
3328,洼,14
3329,哇,1
3332,崽,2
3333,籭,50
3341,皆,192
3342,偕,12
3343,䕸,99
3344,稭,100
3346,階,344
3351,堦,268
3355,街,327
3359,鍇,1
3360,𢰇,304
3361,諧,149
3363,骸,2
3368,鞋,317
3370,排,381
3373,牌,287
3376,乖,282
3377,𦮃,230
3380,懷,273
3383,槐,196
3388,淮,224
3392,匯,4
3395,豺,268
3396,儕,8
3399,差,9
3404,埋,347
3405,薶,5
3406,霾,2
3408,齋,298
3410,崴,1
3418,揩,215
3423,崽,6
3427,搋,1
3432,灰,388
3434,鼿,1
3437,虺,8
3438,恢,198
3439,詼,19
3441,魁,182
3445,盔,175
3447,煨,152
3451,偎,2
3453,揋,1
3457,回,299
3458,洄,1
3459,迴,11
3460,槐,1
3461,徊,4
3463,蚘,1
3469,茴,158
3470,枚,173
3471,梅,292
3472,媒,238
3473,玫,6
3474,煤,195
3480,莓,5
3483,䊈,1
3485,傀,2
3488,瑰,11
3495,雷,369
3496,𩂩,269
3504,鐳,15
3509,頹,37
3521,崔,185
3522,催,260
3523,縗,8
3531,堆,373
3543,挼,1
3548,摧,23
3549,崔,1
3553,裴,136
3554,徘,5
3555,培,204
3556,陪,236
3562,𤗏,2
3565,桮,276
3566,杯,333
3567,盃,276
3568,肧,209
3569,坏,177
3577,桅,176
3578,嵬,1
3585,推,328
3589,捼,15
3592,脧,5
3595,咍,6
3598,開,409
3603,哀,326
3604,埃,169
3605,唉,11
3609,臺,251
3610,擡,158
3611,菭,174
3612,苔,255
3624,該,333
3626,垓,5
3638,賅,6
3645,裁,216
3646,纔,116
3647,財,292
3648,才,237
3649,材,187
3654,來,450
3655,萊,10
3658,崍,1
3678,徠,4
3679,烖,192
3680,灾,192
3681,災,294
3682,𤆎,193
3683,栽,281
3684,哉,24
3691,猜,225
3697,胎,272
3698,孡,212
3700,台,208
3702,𧉟,1
3704,孩,230
3705,咳,51
3706,頦,5
3712,鰓,187
3716,顋,19
3720,皚,1
3724,隑,3
3726,獃,203
3730,懛,17
3733,真,339
3734,甄,3
3735,振,1
3737,稹,1
3744,唇,19
3753,因,298
3754,茵,14
3755,鞇,1
3762,氤,1
3763,絪,1
3768,洇,79
3769,姻,176
3770,婣,133
3776,新,382
3777,辛,195
3778,薪,178
3779,辰,178
3780,晨,207
3781,䢅,144
3783,宸,1
3789,臣,205
3792,仁,232
3794,人,389
3795,神,298
3797,親,299
3798,寴,238
3799,𡪔,238
3803,申,195
3804,伸,223
3805,紳,9
3806,娠,134
3807,呻,17
3808,𣢘,1
3809,𠲳,1
3815,身,302
3819,賓,291
3820,𧶉,234
3821,濱,28
3822,檳,153
3825,儐,1
3829,㷠,123
3830,燐,131
3831,鄰,260
3832,轔,1
3833,嶙,1
3834,粼,2
3835,磷,26
3837,麟,48
3838,麐,44
3839,鱗,249
3847,壣,1
3851,潾,1
3857,珍,211
3860,陳,330
3861,敶,276
3864,塵,213
3865,津,211
3866,𦪉,164
3870,瞋,2
3871,嗔,1
3872,謓,1
3876,秦,209
3879,寅,176
3880,夤,1
3885,紉,8
3886,繽,9
3891,頻,187
3892,蘋,5
3893,薲,3
3894,嬪,1
3905,銀,270
3906,㹞,1
3907,狺,1
3921,巾,271
3922,麏,1
3923,麇,1
3924,麕,1
3926,莙,1
3928,筠,3
3940,岷,2
3942,閩,177
3943,緡,1
3946,旻,1
3950,汶,1
3951,㨉,1
3958,貧,326
3959,𡧋,270
3967,彬,165
3968,斌,24
3969,份,30
3980,民,294
3983,泯,3
3985,諄,13
3986,惇,1
3988,肫,97
3990,椿,142
4000,荀,154
4002,詢,12
4008,恂,1
4014,純,264
4016,蒓,83
4017,醇,151
4018,鶉,2
4023,淳,2
4031,脣,189
4036,淪,155
4037,倫,195
4038,論,1
4040,輪,222
4043,蜦,2
4045,綸,2
4047,侖,20
4049,掄,4
4056,竣,14
4057,皴,53
4065,遵,284
4070,春,381
4072,勻,256
4074,旬,196
4075,𠣙,142
4076,巡,223
4077,馴,11
4078,循,219
4092,均,259
4093,鈞,174
4100,臻,144
4101,蓁,6
4105,𣓀,105
4106,榛,120
4107,樼,103
4111,莘,8
4134,文,229
4135,聞,223
4136,𦖫,132
4138,紋,180
4139,雯,4
4141,蟁,280
4142,蚊,324
4143,䘇,281
4144,䰚,1
4149,閩,6
4150,雲,324
4152,蕓,2
4153,𦔐,2
4154,𦓷,2
4155,耘,3
4158,紜,1
4161,云,176
4164,員,1
4165,𪔅,1
4182,汾,6
4183,墳,284
4184,氛,1
4190,焚,163
4191,燌,138
4193,豶,42
4202,棼,1
4216,鼢,1
4217,蚡,1
4219,分,429
4222,扮,4
4225,羣,225
4226,帬,256
4227,裠,275
4230,薰,210
4231,曛,1
4232,勳,212
4233,勛,233
4234,熏,244
4235,燻,196
4238,醺,2
4239,葷,188
4242,君,229
4243,軍,301
4244,皸,1
4247,莙,1
4250,芬,188
4251,紛,206
4256,棻,1
4259,氛,4
4260,雰,1
4263,欣,212
4264,忻,149
4265,昕,3
4266,訢,1
4269,殷,203
4273,勤,301
4274,芹,188
4282,斤,315
4283,筋,262
4284,䈥,203
4290,齗,1
4291,齦,9
4298,元,299
4299,原,279
4301,源,202
4302,𠫐,138
4305,沅,2
4307,黿,2
4311,芫,3
4318,阮,4
4320,袁,201
4321,爰,2
4322,垣,9
4324,園,240
4325,援,184
4327,轅,160
4329,媛,3
4333,蝯,1
4334,猨,1
4335,猿,32
4336,煩,267
4337,番,1
4338,𨆌,1
4339,蹯,1
4340,繁,190
4343,樊,5
4352,蟠,4
4353,蕃,6
4355,礬,151
4359,璠,1
4373,藩,112
4374,飜,248
4375,翻,314
4377,番,191
4378,幡,4
4384,藩,6
4385,暄,1
4388,萱,13
4391,塤,1
4392,壎,1
4396,喧,166
4404,鴛,7
4405,冤,304
4415,怨,1
4422,言,381
4429,軒,183
4430,掀,239
4441,犍,48
4447,蔫,89
4448,焉,2
4449,蕃,24
4450,藩,136
4458,䰟,215
4462,餛,129
4463,餫,117
4467,渾,221
4481,琿,1
4482,昆,209
4483,晜,4
4484,𥊽,4
4488,崐,161
4489,琨,126
4490,鵾,1
4491,鶤,1
4492,鯤,2
4497,錕,1
4503,溫,283
4507,殟,1
4515,門,343
4516,捫,1
4519,璊,1
4528,孫,278
4529,蓀,5
4532,猻,16
4534,尊,296
4535,罇,237
4536,樽,239
4539,存,225
4540,蹲,152
4544,敦,198
4548,驐,6
4549,墩,255
4552,燉,7
4558,屯,217
4559,豚,130
4560,㹠,99
4561,豘,99
4563,臀,133
4564,𡱂,126
4565,𦞠,126
4566,𩪡,126
4568,飩,134
4571,沌,1
4572,邨,1
4573,燉,3
4580,村,342
4585,盆,271
4589,奔,208
4592,犇,1
4593,論,127
4594,崘,160
4595,掄,2
4597,坤,221
4598,𡿦,160
4599,髡,6
4604,昏,294
4606,婚,240
4611,濆,125
4612,噴,162
4615,痕,296
4619,根,313
4620,跟,210
4621,𣥦,156
4623,恩,376
4626,吞,387
4630,寒,366
4631,𩏑,187
4635,邯,9
4645,單,326
4647,鄲,5
4648,丹,225
4653,癉,2
4655,安,363
4657,鞌,184
4660,難,347
4661,𪅀,275
4662,𩁢,276
4663,𩁚,276
4664,餐,275
4665,湌,231
4667,灘,207
4669,嘆,1
4673,攤,307
4678,跚,8
4679,珊,164
4680,姍,7
4682,壇,202
4683,檀,183
4687,彈,318
4690,但,1
4697,殘,274
4700,戔,1
4704,干,184
4705,乾,225
4706,漧,166
4707,竿,182
4708,肝,331
4709,奸,76
4720,蘭,320
4721,瀾,13
4722,闌,9
4723,讕,1
4724,攔,207
4728,欄,198
4731,㘓,12
4732,看,166
4733,𥉏,124
4734,栞,1
4735,𣓁,1
4738,刊,189
4740,鼾,150
4742,桓,133
4743,完,311
4746,丸,249
4748,紈,2
4758,莞,1
4773,刓,1
4783,端,305
4794,剜,105
4796,豌,179
4797,蜿,1
4798,帵,1
4802,湍,12
4808,酸,393
4813,團,361
4823,摶,1
4834,官,395
4837,棺,161
4838,觀,195
4840,冠,177
4842,倌,1
4844,鑾,32
4845,鸞,177
4846,巒,5
4847,欒,1
4852,臠,1
4853,灤,1
4858,歡,360
4859,懽,247
4866,獾,2
4871,寬,356
4873,鑽,210
4879,槃,289
4880,盤,360
4881,鎜,272
4882,柈,272
4883,瘢,6
4884,磻,3
4886,磐,4
4888,般,7
4897,蟠,1
4902,瞞,215
4903,顢,2
4904,謾,1
4906,䊡,143
4907,饅,160
4908,慲,1
4913,鞔,1
4915,鰻,29
4916,曼,5
4917,蔓,7
4926,潘,315
4933,般,361
4936,刪,200
4937,訕,4
4938,潸,1
4941,關,435
4942,関,304
4947,彎,340
4948,灣,191
4952,𣠯,274
4953,還,394
4954,環,271
4956,鬟,1
4957,寰,1
4973,班,383
4974,頒,178
4978,斑,209
4979,辬,149
4981,般,7
4984,扳,188
4986,蠻,277
4989,鬘,1
4993,顏,307
4995,姦,324
4996,菅,3
4999,攀,229
5000,扳,102
5004,頑,285
5009,山,388
5010,疝,6
5012,鰥,140
5015,閒,404
5016,艱,204
5017,囏,145
5021,閑,329
5023,癇,1
5027,鷳,2
5030,慳,2
5039,潺,10
5040,孱,4
5047,𤡥,1
5057,斕,2
5074,先,345
5078,前,305
5079,歬,213
5084,千,312
5086,阡,2
5089,芊,1
5093,箋,187
5094,牋,146
5095,㮍,147
5100,湔,1
5108,天,320
5109,𠀘,292
5110,䒶,292
5114,堅,208
5119,肩,331
5128,鰹,1
5131,賢,236
5132,臤,189
5133,弦,204
5134,絃,174
5135,舷,29
5136,胘,1
5146,痃,1
5149,煙,278
5150,烟,222
5151,𡨾,212
5152,𤎟,212
5153,燕,120
5154,咽,10
5157,湮,2
5158,胭,22
5160,閼,1
5161,蓮,301
5162,憐,226
5163,怜,159
5169,田,293
5173,填,257
5174,窴,202
5178,鈿,7
5185,滇,5
5189,秊,281
5190,年,399
5191,𨛲,1
5192,顛,303
5193,㒹,243
5194,齻,1
5197,瘨,3
5198,癲,28
5201,巔,15
5207,牽,315
5217,妍,9
5219,研,224
5220,𥓋,162
5225,眠,228
5226,瞑,7
5229,𥌂,1
5236,駢,4
5238,胼,1
5244,淵,196
5245,𠝃,144
5246,囦,149
5254,涓,15
5256,蠲,1
5259,鵑,16
5267,邊,314
5268,籩,1
5271,蝙,151
5274,編,10
5281,玄,192
5282,縣,216
5283,懸,258
5284,眩,27
5287,玆,9
5289,𥌭,1
5292,胘,2
5297,仙,302
5298,僊,242
5299,㒨,242
5304,秈,2
5305,鮮,227
5306,硟,73
5307,鱻,85
5309,錢,364
5311,遷,295
5312,𨙙,239
5313,𠨧,239
5317,韆,14
5319,煎,315
5320,湔,1
5323,然,317
5324,燃,236
5332,延,256
5334,筵,147
5338,蜒,3
5347,旃,1
5348,旜,1
5350,氈,162
5359,驙,1
5360,鱣,3
5361,𩼼,2
5367,羶,80
5369,挻,5
5370,扇,66
5371,煽,18
5377,鏈,1
5380,單,4
5381,蟬,211
5385,禪,164
5387,嬋,7
5388,纏,362
5389,緾,241
5401,嫣,1
5403,連,314
5404,聮,206
5405,漣,3
5407,鰱,8
5410,鏈,4
5416,篇,199
5417,偏,296
5418,翩,14
5421,扁,1
5423,便,250
5424,緶,1
5426,平,1
5432,緜,5
5433,綿,188
5434,棉,347
5449,全,355
5450,仝,242
5451,泉,258
5456,宣,254
5463,瑄,1
5466,鐫,2
5467,鋑,1
5485,穿,326
5486,川,189
5488,沿,215
5489,㳂,152
5490,鉛,236
5491,鈆,156
5493,捐,207
5494,鳶,1
5496,緣,267
5500,旋,188
5506,㳬,1
5507,琁,1
5508,璇,8
5517,娟,22
5524,船,335
5525,舩,281
5526,鞭,323
5529,編,220
5532,㳄,128
5533,涎,143
5534,詮,2
5535,銓,3
5536,硂,1
5537,痊,12
5541,筌,1
5547,荃,3
5552,拴,3
5553,專,219
5554,甎,291
5560,膞,40
5566,篅,6
5567,圌,6
5573,員,204
5574,圜,277
5575,圓,366
5576,湲,2
5581,栓,4
5585,乾,205
5586,虔,163
5587,犍,71
5593,揵,69
5594,愆,9
5598,褰,1
5599,騫,1
5604,權,308
5605,拳,329
5608,顴,137
5613,𤷄,1
5622,鬈,1
5625,蜷,1
5626,捲,3
5627,椽,96
5628,傳,336
5629,攣,2
5634,棬,268
5637,焉,25
5639,蔫,80
5641,鄢,1
5644,焉,128
5650,蕭,266
5651,簫,183
5653,蟰,1
5667,佻,1
5668,挑,288
5677,貂,173
5680,刁,233
5682,凋,13
5685,雕,208
5686,鵰,146
5688,彫,14
5699,迢,6
5700,條,354
5703,跳,202
5709,苕,2
5711,調,206
5712,鮡,2
5721,驍,4
5722,梟,2
5724,澆,179
5726,釗,1
5727,邀,1
5730,聊,194
5733,膫,1
5735,遼,187
5738,寥,152
5742,撩,162
5745,僚,5
5746,寮,19
5747,鐐,4
5750,鷯,1
5755,蟟,1
5756,瞭,5
5762,繚,10
5764,獠,1
5765,髎,2
5770,嘹,9
5772,堯,204
5774,僥,21
5784,幺,160
5794,宵,180
5795,消,268
5796,霄,177
5797,捎,3
5798,逍,3
5801,銷,162
5802,焇,5
5803,硝,177
5804,蛸,1
5806,哨,4
5809,𤞚,3
5813,魈,1
5814,超,345
5816,欩,1
5820,朝,304
5821,𦩻,246
5824,晁,1
5826,朝,201
5827,潮,298
5828,嚻,181
5829,枵,53
5838,樵,210
5839,⿳艹椎木,131
5841,憔,2
5851,撨,4
5853,驕,280
5854,嬌,204
5861,撟,9
5862,焦,277
5863,𤓪,205
5865,蕉,195
5869,椒,275
5870,茮,223
5879,饒,259
5880,橈,107
5883,蟯,1
5884,蕘,1
5885,燒,353
5887,遙,34
5889,傜,1
5893,窯,230
5894,窰,212
5897,珧,1
5900,姚,178
5901,搖,318
5902,謠,175
5911,洮,2
5919,瑤,6
5923,韶,193
5924,㲈,157
5933,昭,198
5935,鉊,1
5936,招,323
5937,釗,2
5940,飊,5
5941,標,275
5943,杓,1
5955,鑣,1
5956,𧥍,1
5957,臕,119
5958,儦,2
5962,瓢,240
5964,剽,1
5965,薸,33
5973,苗,266
5974,描,188
5976,貓,158
5977,猫,130
5978,要,197
5979,腰,262
5983,䙅,1
5984,邀,178
5987,鴞,1
5989,喬,190
5990,橋,348
5992,僑,181
5993,㝯,141
6000,蕎,159
6002,蹻,1
6005,鍫,165
6006,鐰,5
6012,妖,203
6016,夭,16
6017,蹻,2
6020,蹺,20
6025,𤐫,1
6026,漂,45
6029,嫖,159
6032,鏢,15
6035,飄,295
6042,瞟,1
6052,燎,192
6053,髎,2
6056,橇,1
6057,鞽,1
6058,肴,171
6059,餚,142
6060,崤,2
6065,姣,10
6068,爻,1
6069,淆,159
6071,胶,1
6077,交,339
6078,蛟,14
6079,茭,17
6081,膠,222
6082,鮫,1
6083,咬,5
6084,郊,180
6089,教,186
6093,鉸,24
6094,佼,1
6100,巢,299
6108,鐃,107
6117,梢,177
6118,捎,145
6124,筲,4
6125,鞘,1
6134,茅,202
6136,貓,295
6154,嘐,3
6159,包,305
6160,胞,171
6161,枹,3
6162,苞,12
6167,脬,7
6168,拋,211
6169,泡,229
6173,敲,292
6174,跤,8
6175,骹,32
6191,抓,341
6194,嘲,3
6196,啁,7
6198,鵃,1
6200,抄,282
6201,鈔,195
6205,庖,5
6206,咆,1
6207,匏,28
6208,炮,13
6209,炰,10
6210,鉋,8
6212,麃,17
6217,跑,81
6220,泡,1
6224,坳,164
6228,咬,2
6232,嘮,4
6238,豪,222
6239,號,118
6240,毫,200
6241,嗥,1
6242,獋,1
6243,濠,130
6244,壕,148
6251,高,374
6252,膏,191
6254,皋,1
6255,羔,178
6256,餻,43
6259,咎,1
6260,鼛,1
6262,篙,173
6272,勞,217
6273,澇,16
6274,牢,301
6275,窂,246
6280,醪,8
6281,撈,271
6294,蒿,150
6296,撓,117
6298,薅,98
6299,茠,87
6300,𣐾,87
6301,毛,375
6302,髦,6
6305,旄,1
6313,韜,3
6314,縚,2
6316,滔,198
6317,叨,11
6331,搯,140
6339,刀,317
6346,騷,213
6347,搔,1
6348,繅,3
6349,繰,10
6350,臊,255
6354,鱢,1
6355,⿰木叜,1
6356,䑹,1
6359,袍,314
6360,袌,220
6362,襃,148
6363,褒,202
6364,𠅬,2
6366,陶,194
6370,桃,311
6372,燾,4
6373,逃,214
6377,濤,186
6378,掏,9
6381,萄,159
6391,糟,316
6392,𦵩,239
6393,醩,239
6394,遭,189
6395,㷮,3
6400,敖,5
6401,遨,20
6402,翺,1
6403,聱,1
6405,熬,307
6411,鼇,1
6412,螯,1
6414,嗸,1
6415,嗷,3
6424,鰲,17
6425,曹,279
6426,𣍘,231
6427,槽,212
6429,嘈,4
6432,艚,1
6437,漕,1
6439,𤏶,50
6442,猱,1
6450,尻,5
6452,操,317
6460,歌,321
6461,謌,246
6462,柯,26
6467,戕,1
6469,哥,298
6471,蹉,1
6473,搓,216
6474,磋,9
6478,多,401
6479,娑,9
6480,挱,2
6481,挲,7
6490,駝,258
6491,駞,190
6496,陀,33
6499,沱,1
6502,池,1
6505,馱,158
6512,佗,6
6532,莪,8
6533,哦,2
6534,娥,5
6535,䄉,1
6536,峩,2
6537,鵝,333
6538,俄,174
6540,蛾,198
6545,佗,171
6546,他,220
6547,拕,284
6548,它,2
6552,羅,283
6553,蘿,48
6554,籮,229
6559,囉,35
6560,鑼,308
6565,挪,155
6566,儺,1
6571,何,219
6572,河,391
6573,荷,210
6574,菏,1
6575,苛,18
6576,蚵,4
6577,魺,1
6578,訶,1
6579,呵,2
6583,珂,4
6586,軻,14
6587,阿,283
6589,痾,5
6594,戈,160
6595,過,174
6597,鍋,253
6612,莎,106
6616,趖,2
6617,蓑,250
6618,唆,208
6621,梭,186
6622,𣜤,142
6624,婆,418
6626,鄱,2
6636,摩,168
6637,𩞁,106
6640,魔,210
6642,磨,317
6647,矬,39
6648,痤,1
6652,訛,143
6653,譌,127
6654,吪,131
6658,厄,1
6666,騾,244
6667,驘,163
6671,螺,317
6672,蠃,223
6678,腡,177
6682,波,315
6688,頗,146
6689,坡,261
6691,玻,209
6692,和,255
6693,咊,8
6695,禾,270
6701,科,259
6702,窠,121
6704,稞,1
6706,蝌,10
6709,課,1
6715,倭,117
6717,渦,2
6719,𡑟,24
6720,踒,49
6722,鞾,248
6723,靴,320
6730,伽,6
6731,茄,420
6732,枷,1
6737,迦,3
6742,瘸,197
6744,麻,407
6746,蟆,134
6749,痲,150
6752,車,377
6754,奢,198
6755,賖,285
6756,畬,8
6757,邪,4
6758,耶,153
6759,瑘,4
6762,椰,6
6770,遮,335
6774,嗟,8
6786,蛇,434
6787,虵,327
6789,華,232
6793,鋘,4
6794,鏵,139
6795,釫,3
6796,樺,21
6798,划,187
6799,瓜,402
6803,蝸,159
6804,媧,2
6806,華,284
6807,花,404
6808,譁,12
6810,誇,184
6812,夸,40
6814,跨,5
6815,胯,1
6818,拏,334
6827,嘉,183
6828,家,501
6829,加,265
6830,葭,1
6831,笳,1
6836,痂,136
6838,枷,24
6839,袈,4
6845,茄,7
6846,迦,3
6848,瘕,1
6853,遐,132
6854,蝦,195
6856,霞,253
6857,瑕,136
6864,葩,10
6865,鈀,126
6871,鴉,251
6872,鵶,8
6875,椏,148
6876,丫,173
6879,巴,279
6880,鈀,1
6881,笆,16
6883,芭,217
6886,吧,5
6887,叉,341
6888,杈,158
6889,差,208
6895,艖,1
6896,鯊,2
6897,魦,2
6898,沙,373
6899,砂,301
6900,裟,4
6903,紗,214
6907,牙,400
6908,衙,175
6909,芽,252
6911,呀,3
6914,樝,156
6915,柤,175
6921,溠,5
6922,渣,267
6930,𣘻,318
6931,茶,417
6941,衺,7
6942,斜,366
6943,邪,282
6946,余,143
6951,洼,18
6953,蛙,239
6954,窪,138
6955,哇,3
6956,髽,27
6961,爬,372
6962,杷,199
6963,琶,161
6964,楂,20
6965,查,78
6966,槎,11
6971,哆,2
6989,㤉,1
6994,些,193
6995,爹,284
6999,陽,199
7001,楊,259
7002,揚,194
7005,羊,364
7008,佯,2
7009,詳,141
7010,徉,3
7011,洋,204
7012,烊,144
7013,煬,7
7018,瘍,157
7022,蛘,1
7030,詳,73
7032,翔,23
7033,庠,5
7034,祥,198
7038,良,255
7039,梁,198
7040,粱,178
7041,粮,196
7042,糧,248
7043,涼,282
7044,凉,226
7046,量,211
7056,香,308
7058,薌,1
7059,鄉,255
7061,商,209
7062,𧶜,4
7063,傷,290
7065,殤,2
7068,湯,1
7080,房,345
7081,防,220
7082,坊,8
7083,魴,2
7084,方,15
7085,肪,14
7087,章,312
7088,漳,13
7089,樟,199
7091,璋,11
7092,彰,10
7094,障,2
7095,麞,1
7096,獐,5
7102,昌,288
7104,倡,13
7105,猖,18
7108,鯧,19
7109,菖,147
7110,羌,162
7111,猐,129
7112,𡺛,129
7113,蜣,1
7114,薑,243
7115,䕬,193
7116,畺,156
7117,疆,202
7118,壃,1
7121,繮,141
7122,韁,133
7123,殭,2
7124,礓,88
7126,姜,235
7128,僵,176
7129,長,338
7131,腸,270
7132,場,205
7137,張,415
7140,漲,3
7141,穰,34
7142,禳,2
7143,攘,1
7156,瓤,254
7158,方,361
7160,坊,54
7162,肪,132
7163,邡,1
7165,枋,22
7166,鈁,1
7171,襄,156
7172,廂,180
7173,湘,159
7174,相,209
7175,緗,1
7178,驤,3
7179,鑲,165
7180,瓖,1
7182,箱,261
7184,將,207
7185,漿,297
7187,蔣,3
7190,創,215
7191,瘡,306
7192,𠛂,239
7193,亡,218
7194,芒,160
7196,鋩,2
7197,硭,1
7202,望,1
7204,忘,17
7205,孃,2
7206,娘,360
7207,瓤,48
7209,牀,239
7210,床,319
7212,莊,213
7213,㽵,157
7214,妝,9
7215,裝,311
7217,常,282
7218,尚,1
7219,裳,170
7220,甞,186
7221,嘗,254
7224,償,186
7226,徜,3
7227,霜,308
7230,孀,141
7234,牆,294
7235,廧,223
7236,墻,235
7238,嬙,3
7239,檣,3
7240,薔,4
7241,蘠,1
7244,鏘,2
7246,槍,331
7247,蹌,1
7256,匡,162
7258,筐,291
7260,框,31
7266,眶,183
7269,王,404
7273,央,214
7274,鴦,26
7275,殃,185
7276,䄃,141
7278,秧,317
7281,泱,4
7282,強,374
7283,彊,66
7287,倀,1
7289,芳,220
7290,妨,186
7292,狂,309
7297,唐,252
7298,啺,199
7299,𥏬,199
7301,糖,267
7302,糛,203
7303,堂,300
7304,坣,245
7306,棠,176
7307,搪,4
7315,螳,148
7316,塘,217
7337,郎,287
7341,廊,202
7342,榔,5
7346,浪,1
7348,蜋,131
7350,琅,4
7352,㝗,6
7353,狼,265
7357,莨,2
7367,當,286
7368,鐺,2
7370,襠,6
7373,檔,7
7378,倉,299
7379,蒼,185
7380,鶬,1
7381,𩀞,1
7382,滄,15
7385,岡,175
7386,崗,194
7387,剛,199
7388,㓻,145
7390,笐,1
7391,鋼,222
7392,綱,185
7395,堈,26
7396,𤭛,19
7401,桑,391
7402,桒,274
7403,𠸶,125
7404,喪,170
7407,康,219
7408,穅,231
7409,糠,307
7421,荒,307
7423,肓,1
7426,鄺,1
7429,𧧢,7
7435,黃,406
7436,皇,215
7437,璜,6
7438,惶,10
7439,遑,1
7440,潢,1
7442,煌,13
7446,簧,166
7447,隍,6
7448,癀,10
7450,湟,1
7452,篁,3
7453,鱑,1
7454,蝗,168
7455,凰,15
7459,蟥,2
7467,光,411
7468,灮,292
7469,洸,1
7470,桄,1
7477,恍,11
7481,湯,308
7484,闛,1
7492,滂,160
7493,鎊,1
7497,磅,15
7499,汪,248
7511,炕,1
7515,航,251
7517,桁,1
7518,行,297
7526,杭,233
7529,肮,3
7532,吭,2
7533,茫,179
7537,恾,164
7538,忙,334
7539,朚,105
7541,芒,187
7547,臧,5
7548,匨,1
7551,贓,190
7553,囊,199
7555,傍,5
7557,膀,14
7558,髈,8
7562,旁,220
7565,螃,138
7571,昂,207
7575,藏,205
7577,幫,346
7578,縍,278
7582,庚,208
7584,更,235
7586,秔,4
7587,稉,134
7588,粳,163
7589,賡,1
7590,羹,189
7591,𩱧,124
7594,阬,275
7595,坑,342
7596,硎,273
7600,盲,200
7601,蝱,117
7608,橫,384
7609,黌,1
7613,喤,1
7636,觥,3
7641,彭,336
7642,澎,12
7643,膨,167
7644,蟚,1
7646,棚,85
7649,搒,3
7660,亨,167
7661,瞠,2
7662,橕,217
7663,樘,214
7666,鎗,3
7667,鐺,61
7668,槍,59
7670,傖,1
7674,崢,2
7680,英,218
7681,瑛,12
7687,亨,158
7688,澎,1
7689,平,420
7690,評,196
7691,苹,18
7694,坪,203
7697,驚,249
7698,京,226
7699,荊,174
7704,明,406
7705,盟,183
7706,𥁰,138
7708,鳴,184
7710,盯,4
7711,澄,209
7716,趟,3
7718,榮,365
7720,蠑,1
7721,瑩,7
7723,嶸,3
7724,兵,330
7725,兄,418
7726,卿,188
7727,生,510
7728,笙,144
7729,牲,218
7730,猩,9
7732,鉎,7
7733,甥,210
7737,擎,144
7742,䲔,142
7743,鯨,177
7748,迎,344
7749,行,363
7750,衡,176
7756,桁,19
7762,獰,3
7764,𧃱,46
7765,耕,261
7766,鏗,10
7767,銵,1
7780,羥,1
7785,萌,187
7786,氓,4
7787,甿,1
7793,浜,118
7795,宏,275
7799,嶸,1
7811,莖,163
7815,丁,1
7819,䟓,2
7822,甖,1
7823,罌,2
7825,鶯,175
7826,嚶,1
7827,櫻,199
7829,鸚,187
7835,崢,1
7842,錚,3
7854,姘,4
7864,轟,274
7865,輷,214
7867,揈,33
7868,訇,1
7874,繃,36
7877,拼,44
7879,橙,174
7887,瞪,6
7891,泓,2
7896,棚,289
7899,庄,1
7902,爭,443
7903,箏,167
7907,猙,3
7909,清,407
7911,情,321
7912,晴,297
7915,䝼,10
7916,精,447
7918,菁,1
7920,蜻,6
7921,晶,183
7924,睛,180
7926,旌,11
7927,旍,2
7931,盈,191
7932,嬴,6
7934,瀛,4
7936,楹,2
7937,贏,337
7943,營,355
7945,塋,122
7949,嬰,204
7951,纓,171
7955,蘡,1
7956,貞,200
7957,楨,3
7958,禎,6
7962,檉,1
7963,偵,187
7968,蟶,44
7970,成,409
7971,𢦩,328
7972,城,235
7973,誠,210
7974,宬,1
7977,盛,123
7980,呈,193
7981,程,368
7982,酲,1
7987,聲,418
7988,征,188
7989,𨒌,4
7993,鉦,1
7994,怔,1
7995,正,297
8001,輕,387
8004,名,394
8005,洺,1
8009,栟,1
8012,傾,284
8013,頃,4
8014,餳,1
8015,縈,39
8020,瓊,272
8021,璚,211
8022,煢,1
8023,焭,1
8041,頸,2
8046,青,396
8048,鯖,1
8049,蜻,138
8051,經,363
8052,涇,3
8055,㓝,5
8056,刑,183
8057,形,293
8058,邢,3
8063,型,183
8064,陘,25
8066,硎,2
8069,㼛,1
8070,𤭓,1
8072,庭,201
8073,停,294
8078,亭,196
8080,霆,1
8089,蜓,142
8090,廷,185
8091,㹶,1
8093,丁,222
8094,釘,299
8095,玎,1
8097,靪,71
8099,仃,6
8100,叮,21
8101,馨,133
8104,星,397
8105,曐,330
8106,腥,200
8112,鉎,5
8114,猩,17
8115,惺,2
8122,姘,135
8124,靈,328
8125,霛,275
8126,𩆈,276
8129,齡,6
8132,囹,1
8133,鴒,1
8135,蛉,1
8136,鈴,286
8139,苓,2
8143,伶,146
8145,瓴,1
8147,拎,144
8152,玲,18
8156,聆,1
8163,零,252
8165,令,1
8171,翎,127
8180,酃,1
8208,羚,5
8211,寧,217
8218,嚀,3
8219,聹,2
8220,汀,140
8224,聽,420
8225,廳,212
8234,冥,56
8236,銘,198
8238,溟,1
8240,螟,14
8244,瞑,7
8248,暝,11
8249,瓶,341
8250,缾,279
8253,屏,186
8257,萍,170
8258,蓱,134
8264,熒,4
8266,螢,232
8267,滎,67
8278,蒸,321
8279,䒱,263
8280,烝,260
8285,承,204
8286,丞,159
8288,澂,82
8289,澄,142
8290,瞪,57
8292,懲,180
8293,陵,193
8294,淩,7
8295,夌,1
8296,綾,4
8297,凌,179
8298,𠗲,1
8299,蔆,188
8300,菱,246
8301,䔖,187
8303,鯪,1
8304,崚,1
8311,膺,8
8312,應,280
8314,鷹,239
8315,凭,2
8317,憑,257
8320,冫,281
8321,冰,389
8323,蠅,300
8324,繩,340
8328,乘,205
8329,椉,153
8330,𠅞,153
8331,澠,77
8333,塍,136
8334,塖,101
8336,升,341
8337,昇,274
8339,勝,112
8341,仍,175
8342,艿,1
8346,扔,101
8349,兢,14
8350,矜,2
8351,徵,197
8353,癥,1
8355,繒,2
8361,凝,183
8362,興,261
8365,稱,222
8367,偁,1
8374,睖,1
8377,登,198
8379,燈,303
8385,楞,126
8386,棱,118
8387,稜,136
8391,僧,203
8394,崩,218
8395,增,254
8396,憎,154
8398,曾,219
8400,罾,2
8411,層,293
8412,曾,190
8414,朋,265
8416,鵬,21
8417,棚,1
8420,弘,173
8423,肱,1
8425,薨,1
8430,能,332
8431,騰,202
8432,滕,15
8436,藤,287
8437,謄,169
8440,𤻴,1
8441,鰧,1
8443,恆,207
8444,𢛢,169
8447,緪,1
8448,絙,1
8455,尤,188
8458,疣,1
8459,肬,1
8460,𪐤,1
8462,郵,224
8464,憂,217
8465,優,212
8481,劉,288
8482,留,294
8485,摎,2
8487,騮,1
8491,流,331
8492,㳅,245
8493,飂,1
8494,飀,1
8495,瘤,17
8496,榴,193
8498,旒,1
8499,瑠,147
8504,瀏,4
8507,鰡,1
8510,鎦,1
8515,餾,123
8520,硫,189
8521,遛,14
8523,憀,1
8524,鏐,1
8525,秋,307
8526,秌,246
8527,鞧,1
8528,緧,1
8529,𦃈,1
8530,鞦,96
8531,湫,1
8533,鰍,18
8534,楸,1
8542,猷,148
8543,猶,187
8544,悠,177
8545,油,301
8546,由,195
8547,攸,7
8554,輶,1
8557,蚰,7
8558,蝣,1
8562,斿,5
8563,游,175
8564,遊,12
8588,牛,367
8595,𩭓,28
8596,揂,1
8597,揫,74
8601,酋,9
8603,遒,1
8612,修,301
8613,羞,180
8618,抽,342
8619,𢭆,281
8620,㨨,281
8623,惆,1
8624,瘳,1
8628,㲃,8
8629,犫,5
8630,犨,5
8631,周,326
8632,州,257
8635,洲,181
8637,喌,2
8638,舟,175
8641,讎,241
8645,酬,189
8646,醻,140
8652,柔,223
8657,蹂,1
8659,鞣,1
8664,揉,147
8668,收,308
8669,丘,303
8670,丠,235
8672,蚯,15
8673,邱,33
8682,鳩,203
8688,鬮,194
8689,丩,136
8690,龜,9
8691,勼,5
8692,不,4
8697,𢯱,234
8698,搜,299
8699,𩜯,188
8700,䬒,123
8701,𣸈,10
8704,蒐,2
8714,搊,73
8720,謅,1
8721,鄒,211
8722,鄹,151
8724,騶,1
8736,愁,391
8738,休,333
8739,貅,1
8741,鵂,1
8749,咻,1
8751,囚,195
8752,泅,162
8753,汓,128
8757,儔,1
8759,躊,8
8760,幬,1
8761,𢃖,1
8764,疇,15
8765,紬,1
8766,綢,275
8767,稠,171
8771,籌,194
8775,椆,1
8785,輈,1
8789,侜,1
8796,𧚍,1
8797,裘,16
8798,仇,164
8801,求,258
8802,𡨃,196
8806,逑,7
8807,球,239
8808,璆,6
8818,俅,5
8829,毬,1
8839,訄,1
8840,浮,355
8842,桴,1
8845,罦,1
8850,罘,1
8854,蜉,1
8855,烰,1
8864,謀,311
8866,雺,1
8867,眸,2
8868,牟,3
8869,侔,1
8870,矛,249
8871,𢦵,195
8879,蝥,1
8880,蟊,3
8887,繆,2
8889,侯,215
8890,矦,162
8891,𥎦,162
8897,猴,304
8902,喉,264
8903,篌,1
8907,瘊,79
8913,謳,5
8914,嘔,11
8915,歐,229
8916,甌,157
8917,區,10
8918,漚,16
8919,鷗,1
8920,䁱,65
8921,瞘,65
8933,樓,319
8934,婁,6
8938,蔞,1
8942,僂,1
8944,耬,65
8945,髏,1
8946,膢,1
8949,摟,154
8950,嘍,1
8951,瞜,1
8952,螻,1
8953,簍,1
8970,摳,172
8975,夠,3
8977,齁,1
8981,陬,1
8984,諏,1
8985,偷,318
8989,頭,330
8991,投,214
8993,骰,5
9005,鉤,207
9007,溝,249
9011,篝,2
9018,枸,1
9019,句,206
9021,夠,34
9023,兜,255
9026,篼,7
9034,鯫,1
9047,幽,208
9054,虯,15
9061,彪,285
9081,繆,2
9084,侵,258
9085,𢔀,196
9087,浸,1
9091,尋,316
9092,𢒫,233
9094,潯,6
9103,撏,1
9107,林,387
9108,琳,4
9109,淋,219
9110,臨,201
9114,霖,4
9115,琛,15
9120,郴,2
9122,斟,173
9123,針,384
9124,鍼,283
9126,箴,12
9131,沈,320
9132,沉,360
9139,鈂,2
9140,碪,23
9141,砧,37
9142,椹,6
9143,枮,6
9145,諶,1
9146,愖,1
9147,訦,1
9148,忱,3
9152,任,129
9155,壬,162
9156,紝,3
9159,深,350
9161,淫,203
9171,撢,1
9176,心,379
9180,愔,1
9204,琴,302
9205,㩒,147
9206,捦,145
9207,擒,196
9208,黔,3
9209,禽,192
9210,芩,1
9226,欽,191
9231,吟,189
9232,訡,146
9233,䪩,146
9234,唫,2
9241,歆,6
9245,金,339
9246,今,226
9248,衿,4
9249,襟,173
9250,䘳,131
9251,禁,156
9255,音,250
9256,陰,264
9258,瘖,2
9261,喑,4
9263,森,253
9264,參,54
9265,曑,5
9266,蔘,171
9273,岑,137
9275,㞥,2
9282,兂,117
9283,簪,118
9286,嵾,178
9287,參,196
9293,覃,7
9295,潭,265
9296,曇,5
9300,譚,193
9303,壜,8
9309,𧂇,1
9310,蕁,1
9315,參,321
9316,驂,1
9320,南,354
9321,男,256
9322,柟,2
9323,楠,5
9327,諳,12
9330,庵,207
9337,盦,4
9339,含,376
9340,涵,27
9345,函,197
9361,婪,27
9362,惏,1
9364,嵐,9
9366,啉,2
9367,蠶,348
9372,簪,189
9379,探,51
9381,貪,334
9382,抩,1
9383,耽,223
9385,眈,7
9386,酖,1
9392,龕,151
9395,堪,189
9396,戡,1
9421,談,248
9425,淡,2
9426,痰,259
9427,澹,8
9432,甘,289
9433,柑,255
9435,苷,1
9436,泔,131
9439,擔,316
9444,三,320
9445,參,208
9446,弎,208
9448,鬖,4
9449,藍,246
9450,襤,2
9453,籃,322
9460,坩,9
9462,聃,1
9465,㘱,108
9470,慙,137
9471,慚,194
9475,酣,124
9485,蚶,66
9488,歛,1
9489,憨,90
9490,鹽,309
9491,𥂁,241
9493,閻,188
9494,壛,5
9496,檐,224
9497,簷,225
9498,櫩,188
9505,廉,200
9506,鐮,269
9507,鎌,228
9510,簾,221
9514,匳,2
9522,帘,14
9525,砭,1
9528,暹,11
9534,纖,39
9540,籤,228
9546,僉,5
9548,㡨,211
9550,詹,20
9551,瞻,166
9552,占,143
9553,蟾,127
9558,蟾,22
9559,苫,1
9570,妗,9
9573,𩓾,1
9574,髯,1
9575,蚺,1
9580,冉,2
9585,黏,281
9586,粘,249
9587,䬯,2
9588,炎,196
9589,霑,15
9590,沾,179
9593,𡝫,1
9594,淹,199
9597,醃,28
9599,閹,178
9603,尖,339
9604,殲,171
9606,㡨,1
9616,潛,194
9625,箝,244
9626,鉗,325
9630,拑,2
9631,黔,1
9658,添,309
9663,敁,112
9664,佔,18
9670,甜,394
9671,恬,7
9679,濂,2
9682,謙,294
9684,兼,300
9688,蒹,2
9691,嫌,337
9693,鮎,112
9694,䬯,1
9695,拈,245
9702,妗,2
9703,咸,253
9704,鹹,294
9705,醎,197
9706,函,2
9714,緘,4
9718,尲,151
9722,攕,1
9723,摻,4
9724,檆,241
9725,杉,342
9726,櫼,244
9734,淊,1
9736,喦,18
9743,碞,19
9755,諵,8
9756,喃,10
9757,讒,149
9760,饞,157
9765,攙,13
9770,鵮,49
9777,銜,337
9779,巉,2
9787,讒,3
9788,巖,177
9789,礹,98
9791,攙,162
9792,衫,383
9797,芟,4
9800,監,282
9806,嵌,166
9807,嚴,299
9810,杴,29
9814,醃,114
9815,腌,16
9818,凡,308
9819,帆,227
9823,颿,5
9827,董,205
9830,𢤦,245
9834,蠓,119
9839,曚,1
9840,懵,138
9841,孔,222
9847,桶,290
9849,捅,141
9850,緫,227
9851,揔,160
9852,𢝰,160
9856,蓯,1
9864,偬,1
9869,汞,161
9870,蓊,1
9877,塕,7
9888,籠,21
9889,攏,248
9895,動,372
9896,𨔝,296
9901,桶,10
9906,埲,3
9907,腫,248
9908,種,218
9909,踵,7
9913,寵,188
9916,隴,173
9917,壠,170
9919,擁,188
9920,𢶜,140
9921,壅,2
9922,宂,104
9923,⿱丿𠔿,91
9926,𣭲,61
9927,氄,61
9934,重,327
9938,冢,117
9939,塚,100
9940,奉,203
9941,唪,1
9942,捧,218
9943,勇,197
9944,恿,157
9945,涌,155
9946,甬,123
9947,踊,15
9948,慂,1
9954,蛹,8
9956,俑,7
9958,恐,289
9959,𢖶,226
9964,拱,263
9967,鞏,162
9969,孓,1
9979,巩,13
9982,悚,14
9983,竦,3
9984,慫,134
9985,聳,27
9987,㩳,4
9993,詾,1
10007,講,297
10008,港,269
10010,耩,44
10011,㭋,7
10012,棒,202
10013,棓,7
10016,蚌,194
10017,蜯,134
10022,項,259
10028,紙,373
10029,帋,274
10030,只,215
10033,枳,1
10034,咫,2
10037,砥,1
10044,是,348
10045,氏,171
10055,靡,138
10062,彼,223
10067,被,279
10068,罷,2
10069,毀,326
10070,燬,4
10079,委,266
10084,跪,12
10086,詭,194
10105,髓,222
10110,絫,148
10111,累,190
10113,䉂,1
10116,技,204
10117,妓,199
10118,徛,165
10122,倚,190
10124,椅,311
10134,綺,1
10141,螘,189
10142,蟻,275
10143,蛾,193
10162,觜,237
10163,㭰,224
10164,蘂,116
10165,蕊,60
10168,此,265
10169,跐,1
10172,泚,1
10177,豸,12
10189,徙,136
10190,壐,115
10191,璽,129
10217,𢔌,107
10218,俾,111
10227,爾,192
10229,邇,1
10234,瀰,2
10235,羋,1
10242,婢,166
10244,侈,152
10259,弛,5
10260,豕,59
10262,紫,321
10271,捶,6
10276,揣,95
10279,舓,116
10280,𦧇,116
10281,舐,131
10290,疕,3
10306,旎,2
10312,跪,354
10313,褫,1
10319,企,215
10324,旨,177
10325,指,338
10330,砥,1
10332,視,3
10333,眡,2
10334,眎,2
10335,美,348
10336,媺,49
10340,鄙,185
10343,痞,15
10351,几,147
10352,𪊨,3
10353,麂,7
10360,姊,228
10363,妣,1
10364,秕,113
10365,比,305
10372,軌,245
10375,晷,3
10388,矢,146
10389,𠂕,127
10390,𦳊,306
10391,屎,338
10392,雉,137
10395,死,383
10397,履,152
10398,水,390
10399,壘,214
10409,誄,3
10410,耒,4
10422,癸,155
10424,否,140
10435,疕,4
10441,唯,148
10455,黹,3
10468,止,282
10470,沚,1
10471,洔,1
10473,趾,152
10474,址,176
10476,芷,2
10478,市,292
10479,恃,137
10484,喜,300
10486,蟢,69
10487,紀,197
10488,己,250
10491,以,251
10492,㠯,204
10493,已,206
10494,苡,1
10495,苢,1
10498,似,237
10499,佀,188
10500,祀,196
10501,𥘰,150
10502,禩,150
10503,姒,2
10504,巳,151
10513,史,200
10514,使,353
10515,駛,198
10517,耳,445
10522,里,235
10523,裏,245
10524,鯉,216
10526,李,346
10528,理,230
10529,娌,1
10530,俚,2
10539,始,273
10542,峙,5
10543,痔,58
10549,起,323
10551,杞,151
10554,芑,1
10555,士,286
10556,仕,165
10557,𣐈,229
10560,俟,95
10561,竢,87
10567,子,317
10568,㜽,235
10569,仔,4
10573,梓,152
10574,杍,1
10575,矣,155
10577,擬,167
10583,齒,303
10585,恥,269
10586,祉,2
10587,褫,1
10591,滓,143
10598,伱,257
10600,尾,394
10604,娓,1
10614,豈,201
10616,蟣,9
10617,幾,261
10620,斐,1
10623,悱,1
10627,匪,289
10631,榧,71
10634,蜚,1
10635,韙,1
10636,煒,1
10638,偉,292
10639,瑋,1
10640,葦,175
10648,鬼,388
10653,卉,1
10669,語,301
10672,圉,1
10674,圄,1
10676,齬,1
10679,禦,26
10681,呂,325
10682,膂,278
10683,旅,207
10686,穭,47
10689,侶,2
10694,佇,8
10696,芧,203
10697,苧,240
10698,紵,3
10699,杼,1
10703,與,193
10704,与,143
10705,𢌱,142
10707,予,2
10710,䰞,300
10711,煑,328
10713,渚,6
10714,汝,159
10720,暑,239
10721,鼠,326
10722,黍,159
10725,杵,75
10726,處,198
10727,貯,35
10728,𡪄,3
10730,褚,1
10733,著,1
10745,楮,1
10746,柠,1
10747,褚,98
10748,女,413
10750,許,321
10752,巨,186
10753,拒,203
10755,距,185
10756,𧣒,141
10757,炬,4
10763,苣,5
10770,所,238
10771,𠩄,175
10774,疋,1
10777,楚,241
10778,礎,158
10783,憷,2
10785,阻,210
10786,俎,3
10787,齟,1
10797,舉,234
10807,敘,180
10808,緒,236
10810,序,221
10813,嶼,19
10818,去,26
10824,抒,3
10826,野,1
10827,墅,3
10830,咀,2
10835,羽,201
10836,禹,157
10837,雨,384
10838,宇,161
10839,㝢,132
10842,栩,1
10850,聚,218
10852,甫,197
10853,脯,176
10854,斧,375
10855,頫,135
10856,俯,174
10857,府,216
10858,腑,169
10862,莆,13
10864,俌,7
10872,武,273
10873,舞,256
10874,儛,203
10875,嫵,1
10876,侮,156
10882,廡,1
10883,𢋑,1
10886,鵡,157
10887,䳇,132
10896,父,232
10897,輔,225
10900,腐,231
10908,鬴,118
10909,釜,132
10911,撫,182
10912,𢻬,1
10915,拊,1
10916,殕,66
10919,剖,1
10924,柱,395
10927,詡,2
10931,栩,2
10938,煦,8
10939,豎,314
10940,竪,276
10941,樹,18
10943,庾,1
10949,愈,168
10955,主,380
10959,炷,1
10961,噢,1
10963,齲,2
10966,拄,170
10967,柱,1
10970,乳,251
10971,擩,30
10975,數,235
10977,矩,189
10978,榘,160
10986,蒟,1
10988,取,245
10989,縷,163
10992,褸,1
11006,姥,19
11009,媽,57
11012,土,382
11013,吐,136
11016,杜,240
11021,肚,282
11025,魯,250
11026,櫓,219
11027,滷,220
11028,虜,175
11029,擄,7
11031,𢲸,3
11037,鹵,71
11044,覩,1
11045,睹,15
11047,賭,255
11048,堵,200
11049,肚,274
11055,古,277
11056,鼓,268
11057,鼔,6
11058,瞽,1
11059,股,184
11060,𦙶,136
11062,蠱,2
11063,估,185
11064,盬,7
11065,鈷,1
11068,詁,1
11069,牯,152
11070,賈,3
11075,𥂩,57
11076,五,362
11077,午,270
11079,伍,188
11080,仵,2
11081,簿,283
11082,部,299
11083,粗,1
11088,祖,306
11090,組,204
11094,虎,324
11095,琥,2
11096,戽,3
11097,滸,158
11101,隖,124
11102,塢,142
11111,苦,376
11113,怒,15
11114,弩,2
11116,努,206
11118,戶,355
11120,扈,2
11121,怙,6
11139,滬,146
11141,普,217
11144,浦,175
11146,補,309
11147,譜,191
11148,圃,11
11149,薺,125
11154,禮,285
11155,礼,227
11157,蠡,2
11161,鱧,4
11162,鱺,4
11170,體,311
11171,軆,241
11178,䫌,10
11179,濟,2
11181,䍤,5
11185,底,276
11189,抵,193
11190,牴,17
11197,弟,423
11198,娣,2
11199,悌,20
11201,遞,1
11211,坭,2
11217,洗,399
11218,洒,292
11225,啟,262
11226,棨,4
11230,稽,1
11233,启,189
11245,米,323
11246,眯,14
11252,陛,133
11270,蟹,340
11271,䲒,287
11272,解,215
11274,澥,1
11277,買,377
11288,嬭,367
11289,㚷,301
11290,罷,232
11296,矮,418
11297,㢊,1
11298,躷,1
11299,擺,284
11300,捭,233
11301,解,421
11304,灑,203
11309,枴,232
11311,夥,3
11314,拐,92
11317,駭,142
11321,楷,246
11329,挨,6
11331,賄,180
11332,𧶅,135
11335,悔,182
11338,猥,12
11348,磥,1
11349,磊,2
11350,癗,1
11358,蕾,4
11359,儡,209
11371,辠,274
11372,罪,343
11373,㠑,1
11376,每,305
11377,挴,1
11380,骽,312
11381,腿,356
11392,匯,270
11399,傀,183
11408,餒,43
11427,璀,2
11432,痱,7
11437,海,368
11440,愷,180
11441,凱,198
11442,颽,1
11445,鎧,1
11449,宰,217
11452,載,157
11454,殆,133
11455,待,324
11456,怠,172
11464,乃,214
11465,迺,6
11467,改,422
11470,亥,210
11474,啡,10
11475,采,174
11476,採,158
11479,彩,245
11483,等,1
11486,在,329
11492,挨,8
11500,倍,103
11503,軫,1
11504,縝,1
11505,胗,135
11506,疹,174
11507,畛,1
11508,賑,2
11512,紾,1
11513,縝,1
11515,診,191
11524,稹,1
11527,腎,283
11533,忍,321
11551,緊,304
11555,盡,323
11558,盡,123
11559,牝,2
11561,臏,1
11568,笉,1
11569,窘,118
11570,僒,106
11575,菌,279
11579,囷,1
11580,引,266
11581,𢎢,205
11582,蚓,13
11583,螾,1
11596,憫,169
11597,閔,6
11598,敏,279
11608,泯,1
11612,黽,7
11613,澠,7
11618,殞,5
11621,隕,9
11625,準,266
11626,准,296
11629,尹,158
11631,允,327
11637,筍,238
11638,笋,201
11640,鵻,1
11641,隼,2
11648,蠢,219
11649,𢧨,158
11657,盾,142
11659,吮,18
11674,吻,159
11675,𦝮,69
11676,刎,135
11677,抆,51
11678,伆,1
11681,粉,251
11683,扮,1
11684,憤,181
11685,𢤬,139
11698,忿,141
11700,惲,1
11701,薀,2
11702,蘊,11
11703,韞,1
11721,隱,221
11723,𤻘,17
11732,謹,192
11735,槿,2
11747,近,384
11751,䘆,8
11752,阮,170
11755,遠,375
11757,偃,1
11773,蹇,2
11775,楗,150
11776,鍵,176
11785,䘆,5
11787,晚,237
11788,娩,1
11789,挽,181
11790,輓,137
11794,反,387
11796,阪,1
11797,坂,2
11798,返,35
11801,圈,8
11802,菌,1
11804,婉,34
11805,菀,15
11806,苑,17
11810,畹,1
11812,宛,145
11813,惌,122
11817,䘼,23
11839,飯,15
11843,混,297
11845,渾,16
11847,焜,1
11849,棍,194
11860,忖,81
11863,本,339
11864,畚,15
11865,𤲙,2
11867,㡷,1
11868,苯,1
11869,損,227
11874,撙,17
11879,穩,223
11882,囤,160
11884,盾,205
11885,沌,111
11886,坉,104
11888,遁,12
11889,遯,2
11891,鱒,1
11894,袞,3
11897,輥,1
11906,吨,5
11908,閫,1
11911,稛,17
11921,碖,1
11922,獖,1
11923,笨,294
11930,很,208
11932,墾,244
11933,懇,176
11934,齦,98
11938,旱,308
11947,疸,4
11950,担,7
11951,坦,226
11953,散,187
11954,𢽳,144
11955,𢿱,144
11961,傘,298
11964,但,21
11966,袒,9
11967,襢,1
11968,誕,187
11972,膻,2
11978,笴,170
11979,簳,183
11983,稈,176
11984,秆,130
11990,嬾,230
11991,懶,295
11995,侃,20
11997,䍐,171
12002,焊,31
12003,熯,5
12005,緩,202
12013,棵,1
12017,晥,11
12019,短,354
12020,𢭃,282
12021,斷,2
12023,椀,304
12024,盌,321
12026,疃,4
12027,𤲫,4
12028,瘓,3
12030,算,46
12034,管,329
12035,筦,245
12046,卵,303
12047,款,228
12048,歀,166
12049,欵,166
12053,棵,81
12055,煗,276
12056,㬉,276
12057,暖,349
12058,煖,275
12062,纂,139
12065,儹,116
12070,伴,299
12072,拌,177
12073,滿,392
12077,鏋,2
12084,斷,337
12085,𩏇,5
12086,緞,228
12091,綰,1
12092,版,217
12093,板,325
12101,赧,6
12115,皖,129
12117,阪,23
12127,撰,149
12128,饌,9
12129,產,355
12139,限,327
12145,簡,223
12148,𧟉,16
12149,柬,169
12150,暕,2
12151,揀,321
12152,剗,1
12153,鏟,272
12155,羼,2
12166,眼,412
12168,琖,193
12169,盞,284
12170,𧣴,200
12174,銑,5
12175,洗,3
12176,跣,7
12180,箲,4
12181,筅,35
12185,腆,124
12192,靦,1
12200,典,267
12205,蝘,1
12213,繭,241
12214,絸,6
12215,蠒,6
12216,𥀹,52
12217,趼,42
12221,筧,77
12231,蜆,6
12239,顯,224
12241,蜆,3
12247,眄,1
12248,撚,122
12250,蹨,83
12252,編,1
12253,匾,180
12261,扁,360
12263,泫,1
12284,汱,1
12285,辮,353
12292,犬,234
12303,鮮,119
12306,癬,297
12312,蘚,1
12313,演,265
12314,衍,19
12321,踐,206
12323,餞,1
12328,展,342
12329,㞡,278
12332,輾,21
12358,淺,306
12359,闡,5
12368,遣,174
12369,繾,1
12376,蹇,2
12377,謇,1
12387,善,339
12388,譱,276
12390,鱓,34
12392,單,116
12394,鄯,2
12398,翦,20
12399,剪,303
12401,戩,3
12418,輦,122
12421,璉,1
12423,僆,2
12434,件,344
12436,鍵,5
12437,鑳,4
12438,辯,237
12439,䛒,190
12441,辨,219
12443,緬,156
12444,沔,1
12445,汅,1
12446,湎,1
12458,雋,1
12459,隽,1
12467,兗,26
12481,轉,312
12483,卷,93
12486,𨹵,62
12487,捲,197
12489,圈,119
12492,輭,278
12493,軟,356
12494,蝡,2
12510,舛,1
12511,喘,192
12521,篆,195
12526,䧘,6
12537,選,227
12540,撰,1
12552,免,269
12553,娩,161
12554,勉,182
12558,冕,2
12559,絻,1
12570,䁴,1
12575,棧,1
12577,篠,2
12578,筱,2
12584,皎,2
12591,繳,276
12596,鳥,423
12600,釕,1
12606,了,298
12607,蓼,1
12608,瞭,137
12617,撩,1
12624,曉,287
12627,杳,137
12629,窈,15
12643,嫋,1
12647,嬈,2
12653,芍,1
12654,𦯪,1
12656,窕,2
12660,掉,10
12662,挑,26
12671,小,353
12674,肈,31
12676,兆,202
12677,趙,358
12685,沼,147
12689,殀,1
12693,少,286
12696,擾,208
12697,𢹎,148
12698,繞,213
12705,鰾,127
12709,膘,4
12716,縹,1
12722,瞟,1
12723,膘,3
12724,眇,1
12725,渺,162
12728,淼,4
12729,杪,10
12730,秒,266
12731,藐,156
12734,紹,310
12735,綤,248
12739,矯,147
12743,撟,7
12751,表,276
12752,𧘝,216
12753,𧞧,216
12757,標,2
12769,舀,259
12770,𦥨,47
12771,抭,47
12774,悄,160
12777,𠞰,28
12778,𠟯,3
12779,勦,136
12787,燎,106
12797,巧,239
12805,飽,319
12806,𩜿,254
12807,𩛁,253
12809,撓,21
12811,卯,242
12812,戼,189
12816,昴,1
12818,絞,267
12819,狡,185
12821,攪,263
12824,𢯴,192
12825,鉸,139
12827,姣,1
12832,㽱,1
12833,爪,252
12834,㕚,7
12837,笊,7
12839,抓,1
12841,拗,41
12846,鮑,202
12850,齩,277
12853,煼,205
12854,𩱦,206
12855,𤌉,206
12856,炒,296
12859,吵,234
12864,晧,11
12868,鎬,3
12869,浩,209
12870,顥,1
12880,抱,272
12881,老,388
12886,潦,5
12888,栳,1
12895,討,289
12896,𡘷,29
12898,道,328
12899,衟,277
12900,𡬹,278
12901,稻,263
12905,堖,299
12906,腦,354
12907,𠜶,294
12908,惱,219
12909,碯,2
12914,㛮,245
12915,嫂,296
12916,㛐,244
12917,燥,52
12918,埽,172
12919,掃,234
12920,𦺋,1
12921,倒,224
12922,擣,16
12923,㨶,18
12924,㠀,230
12928,禱,167
12932,草,339
12933,艸,252
12936,騲,15
12939,早,284
12940,澡,139
12941,藻,3
12942,薻,1
12943,𧎮,142
12944,蚤,170
12948,棗,205
12950,繅,1
12951,皁,172
12953,造,312
12955,暠,13
12956,𣓌,1
12958,稾,246
12959,藁,218
12961,縞,1
12966,好,325
12972,寶,251
12973,珤,202
12974,保,276
12975,𣎼,220
12976,堢,142
12977,堡,192
12978,褓,8
12980,鴇,3
12981,葆,4
12987,襖,320
12989,懊,147
12993,媼,2
12996,㤇,4
13001,考,275
13002,攷,223
13003,栲,1
13004,槁,5
13006,洘,11
13007,燺,150
13014,舸,4
13022,哆,1
13029,柁,5
13030,舵,265
13037,我,279
13053,娜,13
13058,荷,59
13065,可,330
13068,坷,6
13076,左,349
13079,果,359
13080,菓,234
13085,裹,200
13089,粿,36
13094,朵,291
13095,朶,227
13098,鍺,1
13105,鎖,282
13106,瑣,170
13117,墮,25
13118,垛,1
13126,惰,216
13131,妥,219
13137,橢,155
13140,麼,3
13143,坐,436
13144,𡋲,283
13147,裸,157
13148,躶,125
13149,𧝹,125
13150,臝,125
13151,卵,10
13152,瘰,32
13153,𤼠,30
13157,倭,1
13161,跛,169
13162,簸,136
13165,叵,1
13167,頗,17
13169,禍,310
13170,𥙯,224
13171,夥,155
13176,火,413
13178,顆,183
13181,爸,32
13185,馬,355
13186,碼,168
13188,罵,1
13192,者,261
13193,赭,2
13195,野,318
13196,壄,252
13197,也,307
13198,冶,22
13200,雅,212
13208,假,373
13209,叚,312
13210,賈,193
13213,椵,2
13215,灑,185
13216,啞,411
13217,瘂,310
13218,𤺘,310
13222,下,366
13223,丅,163
13224,夏,148
13225,廈,188
13226,寫,349
13231,乜,3
13232,且,215
13234,閜,1
13236,社,378
13243,捨,283
13244,舍,240
13248,姐,364
13251,把,348
13263,寡,245
13264,冎,5
13265,剮,158
13271,瓦,385
13274,惹,352
13276,鮓,1
13280,痄,1
13288,撦,249
13293,骻,2
13302,傻,216
13303,奼,1
13305,養,318
13306,痒,221
13307,癢,282
13308,瀁,1
13312,像,351
13313,象,295
13315,橡,164
13323,㢡,152
13324,獎,213
13325,䉃,1
13326,槳,180
13327,㯍,133
13328,蔣,278
13329,㒳,52
13330,兩,444
13334,蜽,1
13335,魎,1
13337,鞅,1
13348,勥,18
13349,彊,160
13353,仰,217
13357,磢,3
13360,搶,80
13362,愴,1
13363,想,279
13364,鯗,28
13365,掌,306
13368,𠁊,207
13369,爽,276
13377,響,301
13378,饗,4
13381,亯,157
13382,亨,201
13383,嚮,6
13385,敞,18
13387,氅,1
13388,𪅶,1
13389,廠,325
13392,繈,1
13393,鏹,1
13394,襁,1
13395,膙,1
13397,丈,391
13398,杖,204
13399,仗,188
13401,昶,1
13403,獷,1
13404,壤,167
13409,攘,133
13412,賞,226
13414,𩞃,2
13417,髣,120
13418,彷,134
13419,仿,181
13420,紡,316
13423,网,288
13424,網,363
13425,罔,19
13426,輞,76
13427,棢,74
13428,惘,8
13433,蛧,1
13434,魍,1
13436,倣,150
13437,放,127
13439,枉,197
13443,往,265
13446,𧧢,1
13447,搶,278
13448,摤,229
13449,長,308
13450,上,292
13451,丄,222
13456,逛,18
13460,䉃,2
13461,蕩,294
13469,盪,21
13476,磉,48
13477,廣,314
13479,榜,231
13487,髒,162
13488,曩,93
13490,沆,1
13491,骯,4
13508,莽,207
13515,蟒,176
13518,黨,301
13523,朗,222
13524,朖,161
13525,誏,161
13529,㝗,1
13532,映,4
13540,慷,194
13541,忼,137
13547,炕,1
13550,晃,180
13551,幌,5
13553,榥,1
13559,慌,27
13565,𧧢,215
13574,酐,1
13579,梗,244
13581,哽,175
13584,鯁,8
13585,埂,135
13588,丙,221
13592,炳,17
13593,秉,173
13597,警,187
13598,儆,134
13599,景,216
13600,境,186
13605,影,353
13613,省,347
13615,㾪,8
13622,永,300
13625,皿,141
13628,憬,1
13634,杏,270
13635,莕,1
13636,荇,1
13637,猛,355
13639,蜢,7
13640,艋,1
13643,礦,335
13644,鑛,235
13645,𨥑,235
13648,獷,1
13653,盯,1
13658,打,289
13659,冷,344
13664,檸,4
13665,耿,231
13671,幸,210
13672,𡴘,164
13673,倖,2
13676,𩶁,105
13677,蠯,105
13678,螷,56
13680,靜,345
13681,睜,39
13683,靖,142
13686,穽,2
13687,阱,3
13690,整,286
13691,⿱⿰来攵正,161
13692,逞,155
13693,騁,2
13698,郢,2
13701,痙,2
13703,潁,1
13704,穎,180
13705,領,407
13706,嶺,302
13707,阾,241
13711,頸,302
13712,餅,346
13715,併,5
13717,頃,220
13718,𩓏,156
13720,檾,28
13721,苘,27
13722,䔛,27
13723,丼,333
13730,請,349
13732,省,181
13742,迥,66
13749,炯,1
13755,茗,1
13757,酩,1
13762,頂,259
13763,𩠑,184
13764,𩕢,154
13767,鼎,202
13769,酊,1
13773,打,3
13775,挺,243
13776,艇,198
13777,鋌,21
13806,濘,2
13808,婞,1
13815,醒,352
13833,竝,142
13834,並,185
13840,拯,174
13841,抍,155
13842,撜,155
13848,等,361
13851,肯,368
13852,肎,301
13854,有,368
13855,右,11
13857,友,237
13858,㕛,191
13863,柳,323
13874,綹,5
13877,狃,1
13878,紐,312
13879,鈕,4
13882,扭,197
13887,丑,230
13890,肘,174
13893,扭,7
13894,朽,189
13895,㱙,133
13898,久,259
13899,九,321
13900,玖,2
13901,灸,173
13902,韭,169
13905,首,194
13906,𩠐,143
13908,手,323
13909,守,263
13911,醜,201
13916,婦,428
13918,負,190
13921,阜,144
13922,𨸏,120
13931,缶,1
13933,否,77
13937,殕,1
13939,糗,32
13950,舅,335
13952,臼,190
13956,咎,134
13961,紂,171
13962,䈙,1
13967,酉,166
13968,丣,135
13969,誘,199
13970,㕗,144
13971,䛻,144
13972,牖,1
13976,莠,126
13988,受,308
13989,壽,45
13992,綬,1
13999,懮,6
14000,酒,337
14002,帚,248
14003,箒,186
14017,厚,359
14018,垕,287
14019,後,275
14020,𨒥,211
14021,后,245
14024,母,298
14025,牡,200
14026,某,263
14027,拇,153
14029,𠭇,324
14030,畮,298
14031,畞,299
14038,部,1
14048,斗,260
14049,㪷,202
14051,蚪,1
14052,阧,138
14053,陡,178
14054,抖,207
14065,苟,168
14067,狗,352
14068,垢,26
14069,笱,2
14073,枸,4
14078,藕,301
14079,蕅,237
14080,偶,227
14081,耦,2
14092,叜,130
14093,叟,160
14094,𠋢,130
14095,嗾,1
14099,擻,3
14100,藪,2
14107,吼,185
14108,吽,128
14109,呴,1
14114,剖,200
14119,歐,1
14120,嘔,237
14121,毆,142
14128,簍,241
14136,走,326
14137,口,422
14138,扣,8
14142,叩,172
14155,取,1
14158,黝,2
14165,糾,251
14166,赳,2
14168,鬮,1
14170,寑,81
14171,𡪢,81
14172,寢,194
14173,梫,67
14174,㾛,66
14179,朕,9
14180,𦩎,1
14186,廩,8
14187,㐭,1
14188,懍,2
14190,凜,14
14203,荏,2
14204,飪,7
14205,餁,1
14207,稔,2
14210,袵,1
14217,枕,222
14220,沈,237
14221,邥,196
14222,宷,5
14223,審,215
14234,葚,76
14235,𣞵,67
14236,甚,185
14238,瀋,1
14241,磣,1
14247,錦,268
14248,蕈,11
14254,稟,228
14255,㱃,7
14256,飲,248
14258,品,336
14266,感,317
14267,𥸡,1
14272,贛,2
14273,㔶,9
14291,譚,1
14295,揞,125
14296,唵,1
14317,慘,262
14320,黲,1
14339,坎,211
14349,頷,13
14352,撼,145
14372,漤,40
14376,衴,1
14384,敢,343
14385,𠭖,276
14386,𣪏,275
14387,𢽤,274
14388,橄,150
14393,覽,228
14395,擥,135
14396,攬,182
14397,欖,160
14398,罱,1
14403,毯,215
14407,膽,344
14414,啖,1
14418,淡,275
14424,䭕,1
14426,鏨,7
14429,喊,195
14430,嚂,113
14433,埯,33
14441,燄,1
14442,淡,26
14448,斂,149
14449,撿,5
14461,險,282
14469,貶,232
14481,儉,218
14482,芡,4
14483,檢,248
14489,魘,54
14490,厴,8
14492,酓,1
14493,冉,118
14495,苒,1
14496,染,346
14503,陝,194
14505,閃,350
14511,諂,1
14512,讇,1
14513,奄,4
14518,掩,199
14524,弇,1
14529,漸,208
14536,鏨,1
14541,𩟗,22
14544,忝,14
14549,淰,9
14553,點,346
14554,玷,2
14556,㓠,1
14558,簟,77
14565,歉,46
14566,慊,1
14577,儼,121
14587,埯,2
14592,喊,50
14597,湛,2
14598,㴴,1
14600,㦿,1
14602,歉,6
14607,鹼,35
14608,鹻,108
14609,減,352
14612,嶃,1
14614,臉,186
14616,斬,316
14619,闞,36
14621,摻,5
14625,黯,2
14626,喊,24
14632,檻,27
14633,艦,279
14637,濫,2
14651,范,247
14652,範,171
14655,犯,301
14663,釩,1
14666,送,303
14669,鳳,332
14670,𠤈,270
14671,貢,217
14672,贛,2
14681,弄,242
14684,礱,1
14689,凍,307
14690,棟,195
14695,控,192
14699,空,188
14701,糉,228
14702,粽,287
14708,瓮,149
14709,甕,175
14710,𦉥,1
14712,𪖵,1
14715,洞,299
14716,恫,2
14720,峒,1
14723,慟,1
14725,駧,1
14726,衕,1
14731,痛,291
14732,仲,179
14735,諷,200
14736,風,144
14740,㝱,236
14741,夢,347
14755,中,222
14757,哄,36
14760,鬨,99
14761,蕻,2
14762,齈,77
14764,眾,295
14765,銃,224
14768,戇,2
14769,宋,222
14770,綜,184
14771,䝋,25
14773,統,213
14778,用,366
14779,頌,199
14780,誦,193
14781,訟,170
14783,俸,159
14785,縫,228
14787,共,368
14790,供,219
14792,雍,3
14794,㙲,108
14798,縱,182
14805,種,215
14807,㼿,1
14808,重,3
14814,恐,2
14815,𢖶,1
14819,絳,2
14820,虹,172
14821,降,236
14822,𡲣,165
14824,巷,321
14825,衖,205
14827,戇,14
14831,幢,1
14832,撞,271
14837,肨,51
14849,避,231
14850,惴,1
14853,詈,6
14854,荔,193
14855,離,160
14859,豉,180
14860,𢻃,156
14868,𦎸,1
14869,賜,202
14875,爲,205
14892,被,248
14897,累,181
14898,寄,313
14901,臂,184
14910,刺,309
14911,刾,234
14920,易,335
14927,議,255
14928,誼,178
14929,竩,129
14932,義,290
14933,譬,179
14935,漬,12
14936,眥,1
14943,智,265
14944,𣉻,222
14949,縋,9
14950,膇,2
14956,吹,3
14959,戲,304
14961,企,14
14966,吱,1
14967,縊,2
14970,翅,205
14971,翄,159
14972,𦐊,159
14973,施,1
14975,啻,1
14989,餧,108
14993,僞,236
14994,毀,7
14997,睡,326
14998,瑞,203
15013,諉,3
15022,至,227
15023,摯,3
15024,贄,6
15025,鷙,1
15035,位,339
15037,媚,141
15038,魅,7
15039,鬽,1
15046,遂,198
15048,隧,164
15056,燧,2
15066,𥝩,145
15067,穗,206
15070,醉,391
15072,邃,5
15073,祟,3
15075,粹,158
15081,類,328
15082,淚,304
15090,祕,188
15091,毖,2
15093,轡,48
15096,泌,145
15098,費,1
15108,饋,2
15109,餽,2
15111,櫃,336
15122,備,299
15123,俻,240
15124,𤰇,230
15125,𤰈,230
15139,媿,139
15140,愧,196
15141,聭,139
15142,謉,139
15145,帥,288
15146,率,29
15158,嗜,139
15159,𩝙,2
15160,𨢍,2
15161,視,234
15162,眎,189
15163,眡,189
15164,利,330
15165,𥝤,254
15167,莅,1
15169,痢,182
15172,膩,189
15173,𦡸,128
15176,屁,237
15177,䊧,165
15179,致,193
15184,躓,1
15192,質,20
15194,棄,182
15195,弃,2
15199,緻,4
15200,稚,224
15205,治,8
15211,寐,134
15221,冀,144
15222,兾,127
15223,覬,1
15225,驥,5
15226,𩥉,1
15230,暨,3
15236,悸,8
15241,翠,212
15244,二,325
15245,弍,275
15246,貳,145
15249,恣,7
15251,次,233
15260,懿,11
15267,四,333
15268,亖,278
15269,𠃢,278
15270,肆,175
15271,𩬶,131
15273,泗,1
15277,駟,5
15281,器,285
15282,季,284
15284,鼻,302
15297,痹,162
15298,畀,1
15299,庇,158
15304,箅,2
15305,萃,10
15307,悴,4
15310,瘁,12
15311,地,354
15312,墬,279
15320,肄,147
15325,隶,3
15328,示,282
15329,諡,1
15330,謚,1
15333,自,364
15334,嫉,1
15335,墜,195
15338,出,4
15339,遺,1
15354,志,283
15357,誌,156
15358,痣,235
15360,識,1
15361,幟,4
15362,值,169
15364,治,290
15367,寺,266
15368,嗣,142
15369,孠,124
15370,飤,202
15371,飼,261
15372,蛓,1
15373,蚝,1
15374,螆,1
15375,𧉠,1
15376,笥,1
15377,伺,152
15378,思,130
15380,試,280
15381,弒,1
15390,吏,185
15392,字,361
15393,牸,96
15396,芓,1
15403,餌,147
15404,𩱓,133
15419,駛,1
15420,使,21
15426,廁,169
15427,異,212
15430,食,1
15431,已,2
15434,置,234
15436,侍,188
15437,蒔,2
15438,秲,1
15439,事,381
15440,𩛌,2
15441,忌,217
15454,熾,1
15462,意,268
15466,記,310
15468,嬉,1
15479,未,239
15480,味,321
15484,沬,1
15487,貴,316
15490,胃,304
15491,謂,182
15495,緯,172
15496,彙,145
15497,蝟,145
15498,渭,4
15507,魏,287
15509,沸,22
15510,疿,149
15513,誹,3
15520,費,299
15529,尉,87
15530,㷉,71
15531,熨,71
15532,慰,189
15533,畏,187
15536,蔚,16
15541,諱,186
15542,卉,12
15543,芔,1
15547,狒,1
15550,怫,1
15556,翡,141
15560,痱,5
15569,既,194
15570,暨,2
15572,溉,1
15576,毅,233
15583,氣,376
15584,炁,299
15589,唏,1
15609,御,190
15610,馭,5
15611,語,2
15612,慮,202
15616,鑢,12
15621,據,206
15622,鋸,321
15623,倨,6
15624,踞,6
15631,覰,4
15632,䁦,1
15639,去,439
15647,署,204
15648,藷,186
15649,薯,106
15650,曙,4
15651,恕,164
15652,庶,182
15655,著,244
15656,箸,4
15658,翥,1
15666,疏,124
15669,飫,3
15671,瘀,2
15676,菸,1
15679,箸,164
15680,筯,5
15689,絮,189
15690,助,316
15694,沮,1
15695,詛,2
15699,如,8
15700,豫,148
15701,預,248
15702,譽,189
15717,與,2
15723,楚,1
15725,處,224
15726,𠁅,176
15731,遇,270
15732,寓,163
15733,庽,127
15738,嫗,2
15741,樹,365
15747,住,349
15751,附,236
15755,駙,13
15756,鮒,2
15761,注,263
15762,疰,2
15765,鑄,180
15767,註,6
15768,炷,2
15776,蛀,249
15778,句,353
15787,昫,4
15793,戍,164
15795,輸,131
15801,裕,205
15802,䘱,158
15804,諭,145
15805,喻,197
15806,籲,1
15808,孺,5
15809,𡦗,3
15812,赴,181
15818,訃,145
15823,務,215
15824,婺,5
15825,霧,317
15826,霚,244
15836,鶩,2
15838,足,2
15839,懼,182
15840,具,266
15843,芋,286
15844,雨,1
15845,羽,2
15847,吁,6
15849,聚,5
15851,數,263
15853,付,223
15854,賦,157
15855,傅,210
15859,娶,98
15860,趣,256
15861,註,149
15863,駐,243
15865,住,21
15878,屢,209
15880,暮,172
15881,慕,173
15882,募,184
15883,墓,341
15886,渡,220
15888,鍍,198
15889,度,297
15891,路,391
15892,露,301
15893,潞,1
15895,鷺,139
15896,璐,1
15897,賂,148
15904,妒,164
15905,妬,27
15912,蠹,3
15916,菟,1
15917,兔,291
15918,吐,200
15920,顧,206
15921,頋,149
15922,雇,179
15924,故,214
15927,痼,7
15928,固,185
15929,錮,110
15930,㽽,6
15934,凅,7
15935,誤,215
15936,悞,8
15937,寤,5
15938,忤,12
15939,啎,3
15940,迕,1
15941,遻,1
15942,晤,5
15943,悟,194
15947,娛,8
15949,護,222
15950,瓠,85
15954,互,212
15966,訴,175
15967,愬,3
15968,𧪜,3
15969,泝,1
15970,遡,1
15971,素,228
15973,嗉,101
15974,膆,100
15976,塑,192
15981,祚,1
15989,怒,237
15990,布,322
15992,佈,145
15996,汙,2
15997,惡,192
15998,噁,2
16000,怖,181
16001,悑,3
16002,鋪,208
16005,厝,4
16006,措,150
16007,醋,313
16008,錯,246
16010,絝,242
16011,袴,281
16012,庫,216
16017,捕,168
16018,哺,28
16019,步,381
16031,戽,167
16032,作,265
16033,霽,1
16036,濟,232
16037,擠,63
16041,帝,240
16043,嚏,2
16044,啑,2
16046,蔕,10
16060,趆,1
16063,渧,1
16066,劑,180
16067,穧,19
16075,替,318
16076,𤾕,261
16077,暜,260
16078,㬱,261
16079,鬀,161
16080,剃,225
16084,涕,167
16087,𡲕,121
16095,第,298
16096,弟,254
16100,締,5
16103,娣,1
16111,題,1
16112,遞,192
16123,逮,4
16124,砌,184
16125,切,17
16132,細,326
16133,𥿳,258
16134,些,2
16136,壻,167
16138,詣,8
16139,𢏗,1
16140,羿,3
16142,睨,3
16149,計,231
16150,係,138
16151,繼,217
16152,繫,143
16153,薊,1
16154,髻,161
16164,系,262
16165,𦃟,197
16167,禊,1
16168,繫,129
16169,瘛,2
16175,契,233
16185,翳,9
16192,瞖,97
16196,縊,108
16202,謎,212
16204,閉,308
16205,閇,247
16207,箅,94
16209,慧,243
16212,惠,247
16214,蕙,1
16222,桂,384
16223,昋,280
16224,炅,281
16225,炔,281
16246,麗,231
16247,戾,3
16249,隸,135
16250,隷,98
16251,儷,1
16256,唳,3
16269,蜦,1
16288,祭,319
16289,際,185
16290,穄,46
16295,歲,392
16300,衞,297
16308,彗,17
16313,芮,96
16318,鈉,2
16319,贅,174
16325,脃,190
16326,膬,190
16327,脆,259
16335,銳,260
16337,叡,1
16338,睿,2
16340,蜹,1
16341,綴,126
16352,稅,380
16353,說,2
16355,蛻,8
16361,𡚁,201
16362,斃,279
16363,幣,245
16365,敝,164
16373,彗,23
16379,蔽,184
16384,鱖,141
16389,袂,1
16401,制,315
16402,𠛐,241
16405,製,151
16419,逝,154
16422,噬,1
16423,誓,256
16424,𣂯,166
16425,筮,1
16432,曳,4
16433,裔,12
16437,洩,1
16452,抴,1
16466,藝,280
16469,寱,1
16470,㦣,1
16471,囈,9
16474,滯,202
16475,彘,1
16481,例,292
16482,厲,235
16483,礪,1
16484,勵,184
16491,蠣,5
16492,蠇,1
16512,世,387
16513,勢,196
16535,䟷,1
16547,喙,22
16548,泰,195
16550,太,382
16551,汰,17
16552,蓋,389
16553,匃,1
16554,丐,150
16555,艾,248
16558,藹,163
16561,靄,18
16568,柰,5
16569,奈,243
16573,大,194
16574,汏,2
16581,害,415
16585,帶,352
16587,㿃,2
16592,貝,353
16593,沛,56
16594,𨙶,56
16598,狽,2
16608,沛,118
16611,會,383
16615,繪,179
16616,兌,187
16619,銳,1
16621,儈,1
16626,檜,129
16634,劊,138
16635,會,177
16639,最,370
16654,外,409
16658,薈,2
16674,磕,1
16676,轄,1
16683,蔡,368
16684,𣞖,318
16686,賴,270
16687,籟,3
16688,癩,150
16689,瀨,14
16707,蛻,159
16712,沫,1
16715,卦,209
16716,挂,270
16717,掛,324
16721,懈,146
16722,解,9
16724,廨,1
16726,㾏,1
16727,隘,157
16728,𨽴,137
16733,邂,1
16734,解,1
16735,賣,342
16736,畫,417
16746,瘥,1
16749,㳗,1
16756,稗,310
16761,派,340
16763,𥿯,1
16768,債,301
16771,曬,281
16780,怪,345
16781,恠,267
16784,𣀩,248
16785,壞,249
16789,呃,6
16790,瘵,1
16793,誡,2
16794,戒,206
16795,界,425
16796,介,222
16797,届,162
16798,疥,177
16804,尬,139
16811,芥,199
16826,械,247
16827,䪥,1
16828,薤,1
16831,瀣,1
16841,蒯,110
16842,喟,2
16849,墤,145
16850,𢷎,318
16851,拜,411
16852,扒,1
16853,湃,11
16854,浿,1
16855,壞,340
16856,𡎯,276
16863,憊,1
16865,韛,26
16866,𣡖,26
16871,𧱘,5
16884,劾,1
16890,快,365
16895,邁,221
16899,話,400
16900,敗,411
16901,𣀕,300
16903,唄,2
16907,嘬,3
16915,喝,1
16917,嗄,1
16925,敗,1
16927,寨,224
16930,隊,321
16942,佩,191
16943,珮,6
16950,背,250
16954,妹,381
16955,昧,146
16956,眛,1
16960,黴,1
16965,配,291
16969,誨,9
16970,悔,77
16971,晦,173
16980,對,291
16981,𡭊,244
16982,碓,156
16983,𣝉,2
16987,淬,1
16988,焠,3
16990,啐,5
16991,晬,17
17001,退,327
17002,𢓴,274
17003,𨓤,272
17016,潰,169
17018,繢,1
17025,膭,2
17029,塊,356
17030,凷,263
17032,碎,342
17037,內,241
17040,儽,202
17041,攂,8
17052,背,293
17053,輩,227
17057,代,302
17058,岱,3
17059,黛,3
17062,埭,6
17064,帒,218
17065,袋,297
17071,載,185
17072,再,235
17079,賽,239
17081,塞,1
17083,貸,204
17085,態,250
17087,溉,170
17088,㮣,229
17093,慨,225
17094,愾,2
17095,欬,79
17099,礙,293
17100,硋,251
17102,閡,1
17106,愛,429
17109,曖,1
17113,薆,1
17118,耐,258
17120,鼐,1
17122,佴,1
17125,戴,381
17128,睞,2
17135,菜,290
17137,棌,46
17140,載,146
17141,裁,2
17143,在,14
17145,栽,2
17148,廢,221
17157,肺,370
17158,杮,11
17161,穢,128
17167,吠,211
17171,喙,3
17174,𧾣,1
17178,刈,39
17179,乂,6
17186,震,201
17187,振,214
17188,賑,1
17197,信,272
17198,訊,191
17199,訙,146
17200,迅,17
17201,囟,2
17202,顖,2
17204,汛,2
17208,刃,176
17209,認,353
17210,肕,1
17211,韌,157
17212,仞,6
17213,軔,1
17219,胤,7
17222,引,8
17232,吝,158
17239,藺,5
17260,擯,2
17261,殯,159
17262,鬢,170
17266,敶,156
17267,陳,185
17268,陣,222
17270,𨳏,70
17271,慎,202
17272,昚,75
17273,蜃,1
17276,抻,1
17281,燼,3
17282,㶳,1
17289,晉,190
17290,㬜,137
17292,縉,2
17294,進,302
17299,衅,123
17300,釁,141
17301,舋,110
17302,鎮,296
17304,填,1
17305,僅,210
17306,覲,1
17309,饉,9
17316,櫬,1
17320,襯,229
17323,印,259
17324,鮣,1
17328,趁,196
17332,親,156
17333,寴,1
17343,𥇜,1
17344,盹,2
17347,峻,3
17348,濬,40
17349,浚,1
17352,迅,180
17360,殉,167
17361,徇,4
17364,儁,184
17365,俊,246
17369,駿,14
17376,舜,181
17377,䑞,155
17379,瞬,15
17380,瞚,3
17381,眴,3
17382,䀢,3
17384,閏,332
17385,潤,198
17387,順,336
17389,問,407
17390,璺,81
17392,汶,1
17393,紊,4
17394,聞,1
17399,娩,1
17400,運,378
17401,暈,228
17406,員,1
17411,韻,187
17416,訓,335
17419,薰,12
17421,湓,1
17422,忿,37
17425,糞,312
17426,𥻔,249
17427,𡊅,3
17428,拚,3
17430,奮,187
17433,醞,7
17434,慍,3
17442,郡,173
17443,分,184
17454,靳,5
17455,斤,2
17458,劤,153
17459,近,10
17462,隱,1
17469,願,230
17470,𩕾,158
17472,愿,3
17473,怨,210
17475,販,237
17476,畈,3
17477,券,180
17479,勸,312
17483,万,29
17484,萬,300
17486,蔓,177
17487,曼,29
17491,娩,1
17501,飯,397
17502,𩚳,286
17507,嬔,25
17517,建,335
17519,堰,136
17520,鄢,1
17521,郾,1
17522,䞁,5
17523,傿,2
17529,獻,298
17530,憲,189
17533,楥,5
17534,楦,150
17537,健,299
17538,腱,149
17548,溷,1
17551,頓,284
17552,扽,78
17554,巽,2
17558,遜,176
17560,困,294
17561,𣏔,236
17564,嫩,294
17565,媆,244
17568,搵,22
17570,悶,263
17571,懣,1
17584,噴,172
17585,歕,129
17586,湓,1
17587,鈍,222
17588,遁,157
17589,遯,123
17592,寸,268
17594,坌,1
17597,諢,1
17598,論,287
17601,奔,50
17606,恨,298
17607,艮,3
17608,茛,2
17613,翰,164
17614,捍,10
17615,扞,5
17616,鼾,1
17620,釬,137
17621,汗,322
17622,悍,9
17623,瀚,8
17639,炭,326
17640,歎,153
17641,嘆,161
17642,湠,2
17645,按,210
17646,案,294
17648,晏,28
17652,旦,246
17660,憚,13
17661,彈,212
17664,但,171
17665,撣,3
17669,幹,287
17670,杆,13
17676,矸,1
17679,岸,355
17691,看,280
17694,漢,298
17703,爛,326
17704,爤,246
17708,鑭,1
17712,難,225
17716,粲,1
17717,㛑,1
17718,燦,197
17719,璨,1
17723,𢿱,190
17724,散,268
17728,贊,266
17729,讚,5
17733,灒,103
17738,攢,1
17744,換,326
17754,鑽,227
17755,惋,16
17756,腕,205
17757,𢯲,145
17758,捥,44
17760,琬,1
17761,貫,196
17764,館,167
17766,鑵,216
17769,灌,282
17771,鸛,1
17779,冠,173
17780,觀,153
17784,盥,1
17789,竄,172
17790,鑹,1
17791,爨,1
17794,玩,227
17795,貦,163
17796,翫,1
17799,段,262
17800,毈,4
17801,椴,65
17802,亂,319
17806,鍛,177
17809,斷,184
17811,踹,1
17817,喚,211
17818,嚾,150
17819,𡅽,151
17820,煥,168
17821,奐,2
17822,渙,8
17825,筭,229
17826,蒜,198
17830,幔,164
17831,漫,217
17838,謾,2
17839,半,311
17840,絆,178
17841,靽,131
17846,判,276
17850,胖,191
17854,叛,287
17856,畔,4
17857,伴,3
17863,攢,2
17866,諫,159
17867,㵎,141
17868,鐗,107
17869,閒,141
17870,鴈,226
17871,鳫,226
17872,雁,309
17873,贗,1
17874,偐,1
17876,晏,241
17881,訕,3
17882,汕,10
17885,疝,135
17886,𣑭,5
17891,慢,355
17893,謾,2
17899,患,182
17900,𢠶,145
17901,擐,13
17902,宦,150
17904,豢,3
17908,慣,318
17910,摜,25
17912,串,204
17914,㝈,1
17915,涮,91
17916,篡,178
17919,棧,214
17923,襻,140
17924,奻,1
17930,襉,115
17932,閒,63
17936,莧,257
17939,瓣,184
17940,辨,7
17941,辦,344
17944,盼,218
17946,幻,253
17948,袒,98
17949,綻,109
17951,扮,302
17952,鰥,4
17953,霰,5
17958,先,11
17963,茜,6
17966,倩,23
17975,絢,3
17976,絃,1
17983,縣,310
17984,寰,203
17986,眩,133
17987,炫,7
18009,電,278
18010,殿,213
18011,奠,167
18013,澱,1
18014,淀,1
18015,甸,8
18016,佃,168
18021,填,16
18031,練,227
18032,浰,1
18033,鍊,184
18035,楝,144
18038,僆,1
18046,見,293
18053,牽,6
18060,見,220
18061,現,261
18064,硯,200
18065,研,3
18070,宴,186
18072,燕,272
18073,鷰,206
18077,嚥,137
18078,咽,119
18083,薦,220
18085,濺,7
18086,麪,238
18087,麵,281
18094,片,368
18097,荐,11
18112,線,340
18113,綫,283
18116,戰,297
18117,顫,174
18118,繕,14
18119,鄯,2
18120,擅,24
18121,膳,182
18122,饍,5
18124,禪,119
18125,䄠,105
18126,單,13
18131,彥,17
18132,唁,4
18133,喭,1
18135,諺,189
18136,這,4
18137,譴,19
18142,絹,189
18149,媛,1
18151,院,228
18152,面,321
18154,釧,28
18156,穿,28
18167,箭,306
18168,𥳭,240
18174,濺,183
18175,煎,6
18177,扇,303
18178,煽,16
18180,𧎥,1
18185,堰,4
18187,眷,173
18188,睠,130
18190,弮,4
18191,卷,240
18202,倦,208
18208,戀,214
18214,變,286
18220,卞,2
18221,拚,1
18223,弁,1
18225,汴,103
18236,鏇,95
18239,旋,147
18244,選,1
18251,渲,1
18257,譔,1
18262,傳,217
18264,賤,308
18266,餞,141
18267,羨,201
18269,騗,78
18270,偏,1
18273,輾,162
18274,碾,198
18275,囀,2
18277,轉,169
18282,延,6
18286,便,225
18288,纏,2
18295,徧,192
18296,遍,287
18297,嘯,3
18298,歗,1
18302,糶,154
18303,𥺋,6
18304,眺,1
18306,趒,214
18312,弔,173
18315,釣,296
18319,叫,346
18331,尿,329
18332,㞙,276
18333,藋,26
18334,銚,2
18335,掉,186
18336,調,261
18337,莜,1
18338,𥁮,1
18340,竅,211
18343,尥,29
18345,料,310
18347,鐐,1
18361,𥬇,285
18362,𠺑,212
18363,肖,33
18364,韒,3
18365,鞘,141
18366,照,314
18367,炤,247
18368,詔,156
18372,鷂,150
18376,耀,248
18377,曜,3
18388,要,260
18391,召,189
18392,邵,175
18393,召,147
18400,轎,290
18404,漂,182
18405,僄,2
18413,噍,88
18414,誚,1
18417,妙,262
18418,玅,200
18424,哨,3
18425,俏,171
18431,𤻲,160
18432,療,217
18442,醮,123
18443,𥛲,108
18453,廟,297
18454,庿,246
18455,驃,1
18456,少,219
18457,燒,5
18459,裱,4
18460,俵,3
18461,驃,2
18462,翹,45
18463,饒,1
18464,繞,152
18466,效,234
18467,効,189
18468,校,281
18471,傚,1
18474,教,295
18475,𢼂,234
18476,窖,154
18477,校,209
18479,酵,240
18480,覺,176
18482,較,185
18486,孝,280
18487,哮,2
18492,罩,317
18493,䈇,252
18498,豹,300
18501,爆,202
18503,敲,9
18506,皃,178
18507,䫉,178
18508,貌,234
18515,炮,289
18518,礮,22
18521,稍,205
18522,潲,141
18528,棹,88
18529,櫂,86
18532,橈,1
18534,𠆴,295
18535,鬧,359
18538,笊,126
18542,鉋,157
18544,抄,1
18545,鈔,5
18547,耖,7
18552,靿,25
18557,樂,5
18561,号,6
18562,號,274
18563,𤩭,179
18567,導,194
18570,悼,8
18571,蹈,8
18572,盜,227
18581,到,275
18582,禱,1
18583,倒,173
18587,誥,13
18589,告,290
18591,膏,120
18594,傲,280
18597,鏊,54
18603,帽,254
18604,耄,1
18605,𧂕,1
18607,眊,1
18608,瑁,1
18609,㺺,1
18610,冒,224
18622,澇,153
18623,潦,135
18624,勞,2
18627,癆,18
18629,操,31
18630,造,1
18631,艁,1
18633,㿷,3
18634,糙,196
18636,暴,262
18637,虣,208
18638,曝,6
18639,瀑,3
18641,菢,119
18645,報,278
18648,奧,213
18649,懊,149
18658,澳,26
18660,譟,1
18661,噪,2
18665,埽,170
18666,掃,229
18668,𩝝,109
18669,犒,118
18671,靠,304
18673,竈,248
18674,躁,204
18676,秏,180
18677,好,215
18685,個,320
18686,賀,302
18690,佐,151
18691,左,1
18695,作,1
18700,邏,2
18707,餓,386
18708,馱,102
18709,大,428
18710,奈,5
18711,那,178
18712,些,5
18715,拖,57
18716,過,315
18723,和,151
18724,盉,131
18726,挫,17
18729,課,344
18735,科,1
18736,唾,151
18737,涶,123
18739,蛻,8
18743,播,77
18744,𢿥,3
18745,簸,187
18748,剉,3
18749,莝,33
18750,銼,235
18751,磨,293
18752,䃺,208
18755,愞,6
18757,稬,248
18759,破,391
18761,座,358
18762,坐,1
18763,臥,233
18766,貨,360
18767,惰,18
18771,縛,1
18777,摞,59
18781,刴,173
18785,侉,1
18786,涴,34
18791,罵,322
18796,駕,179
18797,稼,171
18798,嫁,350
18800,架,223
18802,價,207
18803,假,185
18807,賈,4
18808,亞,273
18811,㰳,1
18814,啞,2
18815,婭,2
18818,嚇,131
18819,罅,4
18820,唬,2
18826,迓,4
18827,訝,15
18831,砑,42
18832,詫,47
18833,侘,1
18835,吒,4
18836,咤,2
18848,詐,217
18850,咋,1
18853,榨,261
18854,乍,118
18859,謝,382
18860,榭,9
18864,疴,1
18868,暇,123
18869,夏,207
18870,下,377
18872,褯,81
18873,藉,162
18877,夜,357
18884,卸,184
18885,瀉,288
18887,柘,6
18888,樜,1
18889,鷓,9
18892,炙,1
18893,蔗,334
18895,借,314
18896,舍,283
18897,赦,180
18898,騇,33
18901,射,329
18902,䠶,229
18903,麝,153
18905,霸,343
18906,𧟳,277
18908,欛,136
18909,靶,7
18911,垻,147
18912,帊,149
18913,怕,322
18916,崋,1
18917,華,143
18918,樺,119
18921,化,324
18927,跨,198
18931,傻,1
18933,杷,94
18940,笡,56
18947,䖳,54
18949,瓦,97
18950,攨,2
18953,漾,14
18954,恙,24
18958,㨾,278
18959,養,11
18960,眻,1
18966,亮,216
18967,諒,175
18972,兩,151
18973,踉,1
18974,量,204
18980,涼,14
18981,狀,241
18982,讓,338
18984,攘,3
18986,餉,144
18988,向,2
18996,帳,312
18997,脹,211
18998,痮,162
18999,漲,53
19001,悵,7
19002,暢,223
19012,向,311
19020,仗,44
19021,長,12
19023,釀,201
19026,匠,251
19029,障,199
19030,㢓,156
19032,嶂,5
19033,瘴,148
19035,尚,223
19036,上,331
19037,丄,247
19038,償,1
19039,壯,306
19040,裝,10
19042,怏,4
19047,唱,316
19048,𪛋,247
19050,倡,183
19051,刱,149
19052,創,210
19053,愴,1
19055,醬,300
19056,𨡰,230
19057,𨟻,230
19058,將,197
19060,仰,1
19061,訪,211
19062,妨,12
19064,妄,153
19065,望,341
19066,朢,2
19067,忘,311
19070,況,207
19071,况,147
19074,誑,1
19076,俇,133
19079,旺,243
19080,暀,158
19083,放,353
19084,舫,4
19087,相,235
19096,宕,135
19099,逿,4
19103,浪,302
19110,笐,9
19111,盎,1
19116,葬,268
19117,傍,179
19119,藏,195
19120,奘,2
19125,當,210
19126,擋,174
19128,抗,241
19130,炕,140
19132,伉,2
19133,亢,1
19143,謗,176
19146,湯,228
19147,蕩,1
19148,盪,1
19150,曠,218
19151,爌,157
19153,壙,8
19158,喪,201
19159,𠷔,3
19160,攩,141
19161,擴,175
19164,桄,44
19166,鋼,142
19174,映,259
19175,暎,155
19178,敬,214
19179,竟,186
19180,鏡,343
19182,競,193
19183,𥪰,144
19187,儆,2
19189,慶,216
19191,更,213
19192,命,422
19193,病,371
19197,孟,292
19203,橫,190
19204,柄,327
19205,棅,247
19210,詠,164
19211,咏,134
19212,泳,181
19215,行,169
19216,絎,6
19219,㵾,1
19221,趟,8
19224,𩏠,1
19225,牚,113
19229,鋥,48
19231,䂻,55
19240,諍,13
19241,迸,140
19246,鞕,260
19247,硬,321
19248,轟,78
19249,輷,73
19250,勁,207
19251,倩,19
19252,凊,29
19253,政,194
19254,正,364
19255,証,4
19257,聖,229
19258,鄭,221
19264,性,230
19265,姓,328
19266,令,215
19268,聘,221
19275,摒,24
19276,併,175
19277,并,24
19280,淨,259
19281,瀞,190
19284,靚,1
19288,盛,192
19289,墭,7
19292,輕,2
19296,徑,154
19297,經,116
19298,逕,3
19303,甯,116
19304,佞,102
19305,濘,2
19307,腥,12
19310,脛,2
19312,定,398
19315,錠,152
19316,矴,7
19317,釘,185
19318,訂,220
19320,飣,1
19321,奠,1
19322,𦘭,1
19325,罄,6
19327,磬,146
19328,殸,110
19332,聽,162
19337,䒌,1
19338,暝,23
19347,證,304
19349,孕,193
19352,媵,3
19356,乘,8
19360,嵊,1
19362,剩,290
19363,認,7
19367,應,305
19370,甑,21
19371,䰝,5
19372,𩱭,5
19374,興,355
19377,勝,213
19381,瞪,139
19388,稱,205
19389,秤,294
19390,凝,102
19395,鐙,102
19397,橙,2
19398,凳,208
19402,贈,218
19411,蹭,29
19413,鄧,250
19414,蹬,3
19433,宥,3
19434,又,202
19435,佑,26
19436,右,278
19437,祐,156
19443,囿,3
19449,救,266
19450,灸,6
19452,究,180
19454,疚,3
19461,冑,1
19463,酎,1
19464,宙,187
19473,晝,326
19476,狩,1
19477,獸,220
19481,臭,317
19483,岫,12
19484,𥥉,1
19485,袖,324
19487,齅,145
19490,呪,268
19491,䯾,101
19493,祝,2
19494,舊,317
19495,柩,148
19496,匶,130
19497,𤸃,210
19498,瘦,273
19499,漱,136
19501,皺,264
19504,縐,172
19506,副,225
19516,富,319
19520,不,1
19521,畜,11
19523,溜,207
19524,廖,174
19527,鷚,1
19528,餾,14
19542,秀,219
19543,繡,243
19545,琇,1
19546,宿,174
19551,驟,164
19554,就,274
19555,鷲,11
19558,糅,1
19563,復,129
19564,𢕒,127
19565,𤸑,1
19566,伏,33
19570,複,1
19573,鼬,88
19575,柚,156
19585,授,196
19588,壽,89
19589,售,188
19590,綬,1
19595,揉,2
19600,候,266
19603,逅,1
19606,后,9
19607,後,10
19609,鱟,14
19611,厚,10
19615,寇,189
19618,扣,270
19622,簆,1
19625,茂,247
19626,貿,246
19628,戊,156
19630,袤,1
19632,懋,3
19633,瞀,1
19635,姆,16
19645,豆,398
19646,竇,4
19648,逗,159
19650,荳,2
19651,脰,14
19661,鬥,278
19676,瘶,144
19677,嗽,169
19678,欶,1
19679,漱,6
19683,奏,231
19685,透,311
19690,漚,241
19693,遘,14
19694,構,195
19695,媾,25
19698,購,188
19701,彀,74
19703,句,124
19711,㝅,27
19713,輳,1
19714,腠,1
19715,湊,230
19722,𨹟,159
19723,漏,325
19724,鏤,1
19726,瘻,1
19733,𠞭,1
19735,蔻,2
19740,吼,6
19743,佝,1
19744,怐,1
19747,偶,125
19751,幼,331
19752,謬,199
19753,繆,4
19756,沁,6
19757,𠖶,5
19758,吣,32
19760,浸,295
19761,濅,233
19762,𣹦,233
19764,妊,4
19765,絍,117
19767,任,311
19770,沈,2
19772,枕,119
19777,噤,2
19784,禁,267
19787,賃,139
19788,蔭,183
19790,窨,43
19794,飲,90
19795,滲,178
19797,闖,169
19799,譖,1
19800,讖,9
19804,臨,8
19806,甚,5
19812,勘,177
19818,磡,13
19820,淦,8
19823,贛,3
19824,憾,176
19827,唅,1
19831,暗,352
19835,撢,246
19853,儑,2
19862,䫲,2
19866,闞,1
19867,瞰,8
19871,濫,186
19874,纜,155
19875,爁,1
19892,憨,4
19902,淡,1
19906,暫,228
19907,蹔,167
19908,鏨,103
19909,擔,256
19912,豔,197
19913,艶,154
19914,爓,131
19915,焰,172
19918,鹽,119
19919,𤅸,99
19920,灩,1
19921,贍,11
19922,染,7
19924,厭,262
19926,猒,1
19927,饜,1
19931,驗,330
19934,閃,8
19939,壍,1
19940,塹,3
19943,殮,154
19944,斂,109
19961,俺,5
19963,占,290
19964,㮇,95
19970,念,357
19972,店,303
19974,沾,2
19976,墊,81
19989,僭,7
19991,兼,1
19995,釅,71
20002,陷,234
20011,蘸,166
20013,站,277
20015,歉,195
20017,𧸖,266
20027,鑑,151
20028,鑒,214
20029,監,153
20032,懺,63
20041,釤,30
20048,湴,1
20058,梵,8
20059,帆,1
20061,汎,230
20062,泛,296
20069,劔,332
20070,欠,292
20071,㐸,248
20072,俺,1
20074,淹,4
20080,屋,327
20081,𡲃,265
20082,𦤼,265
20087,獨,286
20088,黷,2
20093,讀,297
20095,牘,161
20107,瀆,5
20112,犢,140
20117,穀,172
20118,糓,140
20119,轂,4
20121,瀔,1
20122,谷,269
20136,斛,60
20139,礐,2
20148,哭,268
20156,禿,212
20157,𣬜,139
20162,啄,2
20169,速,198
20170,遬,152
20171,𧫣,150
20172,蔌,1
20186,涑,1
20188,祿,214
20189,鹿,301
20190,漉,16
20191,淥,2
20196,𨏔,1
20197,轆,2
20201,簏,11
20202,箓,2
20205,麓,46
20206,㯟,43
20207,碌,37
20217,摝,1
20223,角,2
20225,彔,7
20242,族,226
20244,鑿,1
20247,蔟,1
20250,簇,14
20251,鏃,2
20253,暴,114
20254,曝,131
20255,瀑,141
20258,樸,1
20259,僕,159
20260,䑑,123
20265,扑,27
20266,醭,30
20272,撲,205
20276,卜,177
20281,樸,1
20283,蹼,1
20290,木,361
20291,沐,45
20293,毣,1
20303,福,342
20304,腹,207
20305,複,177
20306,幅,176
20307,輻,7
20310,蝠,142
20320,伏,213
20321,復,176
20323,服,307
20324,𦨈,223
20325,茯,4
20326,馥,1
20334,洑,1
20348,菔,1
20349,匐,1
20350,鰒,1
20352,栿,58
20353,縮,225
20358,謖,1
20366,六,349
20367,陸,233
20368,戮,8
20369,剹,1
20388,逐,198
20389,軸,205
20390,碡,1
20391,妯,5
20400,菊,326
20401,鞠,21
20405,𡙳,59
20406,掬,71
20419,䱡,1
20433,麴,155
20434,𥶶,116
20435,𩍔,116
20438,熟,361
20439,孰,9
20440,淑,148
20441,塾,15
20442,𨷙,1
20451,育,309
20452,毓,6
20453,鬻,4
20454,粥,1
20455,𩱱,1
20461,煜,1
20463,昱,2
20489,蹴,1
20491,肉,335
20494,粥,277
20495,喌,5
20496,祝,197
20499,叔,312
20501,倏,4
20509,尗,1
20510,菽,3
20512,蓄,191
20513,稸,133
20514,畜,276
20515,𤲸,222
20522,竹,338
20523,竺,12
20524,筑,7
20525,築,185
20526,𥲔,143
20529,蹙,4
20530,踧,1
20536,槭,1
20547,矗,1
20555,忸,2
20562,蝮,1
20563,覆,231
20570,郁,172
20571,戫,1
20572,彧,1
20590,肅,251
20591,宿,194
20592,蓿,2
20593,夙,9
20594,𠉦,1
20595,𠈇,1
20613,目,300
20614,睦,9
20615,穆,156
20616,苜,3
20618,牧,196
20626,蓄,199
20633,傗,2
20638,沃,252
20645,毒,352
20646,𡹆,266
20653,篤,157
20655,督,195
20664,酷,199
20670,鵠,2
20678,僕,7
20679,䑑,3
20680,鏷,1
20686,梏,4
20690,告,6
20705,褥,4
20717,燭,342
20720,矚,7
20722,囑,177
20724,䟉,1
20729,蠋,1
20730,玉,302
20731,獄,244
20734,旭,35
20735,頊,1
20741,鋦,32
20751,局,334
20752,跼,1
20756,蜀,181
20764,屬,196
20765,属,135
20767,鐲,139
20768,觸,250
20769,觕,184
20772,辱,241
20773,蓐,2
20774,褥,214
20776,縟,1
20783,束,214
20785,欲,212
20786,浴,268
20791,慾,137
20797,錄,184
20800,綠,302
20805,逯,1
20808,碌,2
20814,曲,305
20825,足,291
20827,贖,233
20832,促,205
20839,續,192
20840,俗,334
20843,粟,218
20844,𥻆,157
20858,覺,194
20859,斠,2
20860,角,315
20861,桷,3
20868,榷,2
20874,䮤,5
20876,嶽,156
20877,岳,202
20878,樂,202
20884,浞,41
20886,鋜,14
20896,捉,326
20903,朔,197
20905,嗽,17
20906,矟,1
20907,槊,1
20908,蒴,1
20915,斲,7
20916,涿,83
20917,諑,2
20919,琢,158
20921,卓,178
20922,桌,339
20924,啄,192
20930,倬,1
20934,剝,349
20936,駁,211
20947,趵,1
20948,邈,1
20957,雹,222
20958,𩅟,162
20977,璞,1
20978,㩧,12
20979,樸,194
20980,朴,153
20993,㱿,258
20996,搉,61
20997,確,254
20998,碻,194
21012,濁,240
21013,擢,4
21014,濯,7
21018,鐲,47
21025,𢢗,1
21028,渥,2
21029,握,217
21032,幄,1
21034,喔,2
21039,齷,8
21045,搦,2
21051,逴,1
21052,趠,1
21054,踔,1
21055,㪬,257
21060,學,368
21086,齪,12
21087,質,287
21090,桎,1
21092,蛭,1
21097,鑕,1
21101,侄,4
21102,日,403
21107,實,308
21108,秩,172
21114,姪,213
21115,妷,158
21120,悉,187
21121,厀,146
21122,膝,186
21123,蟋,3
21129,一,342
21130,弌,273
21131,壹,1
21132,七,332
21133,漆,220
21134,柒,157
21142,匹,295
21145,䏘,6
21146,吉,214
21154,暱,2
21155,昵,2
21161,逸,193
21162,佚,11
21164,溢,15
21165,軼,1
21173,詰,8
21186,栗,274
21187,㮚,227
21188,𣡷,227
21190,溧,1
21205,窒,10
21206,挃,4
21217,疾,202
21218,𤕺,153
21219,嫉,1
21232,失,330
21233,室,190
21237,唧,1
21243,蜜,264
21244,𧖅,205
21245,謐,1
21252,必,197
21253,畢,191
21255,蓽,1
21311,率,175
21313,蟀,144
21314,𧍓,6
21321,叱,1
21323,密,310
21328,沕,4
21333,弼,145
21334,𢐀,126
21335,㢸,126
21336,𠡂,126
21343,乙,203
21353,筆,345
21354,潷,5
21357,泌,2
21365,蛭,1
21367,術,215
21368,述,192
21369,秫,86
21370,朮,69
21371,沭,1
21378,橘,312
21388,誶,1
21390,聿,10
21397,𩙅,1
21411,卒,6
21416,卹,3
21417,恤,178
21418,戌,173
21431,律,324
21432,寽,1
21439,黜,7
21440,怵,2
21445,𤝞,1
21449,絀,2
21453,𡢑,1
21455,朮,144
21456,𦬸,133
21458,出,357
21459,焌,27
21462,茁,1
21467,櫛,6
21468,楖,1
21473,瑟,163
21476,蝨,189
21480,物,308
21481,勿,167
21482,𣃦,127
21489,弗,20
21492,綍,1
21493,紼,1
21497,不,80
21509,鬱,43
21517,尉,5
21518,熨,41
21524,厥,1
21525,屈,2
21531,屈,302
21534,倔,151
21536,崛,6
21538,䘿,1
21542,掘,171
21543,佛,304
21544,怫,1
21548,䞞,1
21565,拂,30
21568,茀,1
21570,艴,1
21575,彿,141
21576,𧿳,2
21578,迄,13
21587,訖,127
21588,吃,194
21592,疙,2
21593,屹,13
21600,乞,224
21603,月,380
21604,刖,1
21605,跀,1
21606,𧿁,1
21611,鈅,5
21614,伐,212
21615,筏,156
21616,栰,138
21617,罰,299
21618,閥,17
21619,垡,1
21623,拔,7
21624,茷,1
21628,越,273
21630,粵,164
21631,戉,1
21632,鉞,2
21636,曰,163
21644,厥,126
21645,氒,107
21646,蹶,1
21647,𨇮,1
21652,蕨,18
21659,撅,1
21660,鱖,2
21665,噦,33
21669,橜,51
21672,掘,171
21674,憠,54
21675,𨬐,1
21680,闕,13
21684,髮,218
21685,𩠖,162
21686,𩑛,162
21687,發,336
21690,韤,277
21691,韈,277
21692,襪,335
21701,謁,25
21706,歇,326
21707,蠍,113
21713,羯,3
21714,揭,195
21715,𢶆,170
21717,𢷒,3
21718,揭,8
21719,竭,18
21724,茁,1
21725,沒,206
21726,歿,1
21732,骨,355
21739,汩,1
21744,榾,3
21748,勃,175
21749,渤,3
21752,餑,74
21753,𡋯,35
21768,脖,4
21770,鵓,6
21781,突,278
21783,腯,1
21792,凸,25
21795,𩑦,3
21802,淴,1
21804,忽,276
21808,寣,3
21818,惚,1
21821,兀,10
21823,杌,41
21847,窟,203
21852,堀,3
21862,訥,1
21867,窣,1
21873,㞕,151
21874,猝,142
21877,𢪃,2
21881,𪘧,1
21892,𣝗,176
21900,滑,19
21901,卒,297
21904,曷,16
21905,褐,7
21916,𠿒,134
21917,喝,184
21925,妲,1
21926,呾,1
21930,笪,2
21932,靼,4
21935,撻,9
21938,獺,189
21946,遏,13
21951,胺,2
21957,剌,2
21959,辢,339
21961,瘌,131
21962,攋,1
21964,癩,15
21973,渴,236
21974,㵣,168
21978,磕,8
21981,達,315
21982,薘,1
21997,歺,3
22000,葛,190
22003,割,317
22011,薩,165
22013,𥻦,20
22019,攃,312
22021,礤,7
22022,捺,235
22026,末,337
22032,䬴,1
22033,秣,1
22043,抹,229
22050,沫,170
22055,撥,233
22059,鉢,178
22060,盋,139
22074,㳨,5
22077,𤁢,6
22078,括,295
22079,活,36
22084,聒,75
22099,闊,344
22105,活,357
22113,奪,307
22114,𡙜,236
22115,敓,190
22116,脫,1
22121,豁,168
22122,𧯆,112
22129,斡,12
22132,捾,1
22133,𣁳,1
22140,攥,1
22141,鏺,13
22147,𣸍,272
22154,侻,1
22156,脫,367
22160,捋,245
22165,掇,114
22173,撮,199
22175,跋,32
22190,拔,7
22192,鈸,129
22200,黠,1
22204,札,161
22206,蚻,1
22207,紮,176
22209,扎,60
22211,拔,353
22215,擖,55
22226,滑,280
22227,猾,260
22234,八,316
22237,捌,1
22238,扒,2
22253,穵,307
22261,察,295
22262,詧,239
22269,戛,1
22272,稭,2
22280,嘎,3
22287,軋,150
22289,揠,1
22297,殺,353
22298,煞,46
22325,鎋,4
22326,舝,4
22327,轄,196
22349,剎,9
22355,瞎,329
22359,獺,5
22360,刮,348
22369,舌,1
22377,刷,299
22386,帕,10
22397,𨰉,290
22405,屑,63
22406,楔,93
22417,切,310
22420,竊,35
22422,沏,4
22425,結,360
22427,潔,192
22428,䥛,49
22429,鍥,39
22430,桔,15
22435,拮,1
22440,節,373
22442,癤,10
22443,蝍,1
22453,血,368
22461,決,1
22465,闋,5
22467,缺,386
22469,玦,1
22472,譎,1
22473,訣,167
22484,決,303
22494,抉,2
22495,穴,301
22513,迭,28
22514,跌,77
22522,咥,1
22533,摕,1
22541,鐵,342
22542,銕,274
22544,餮,1
22545,飻,1
22554,頁,183
22570,涅,8
22571,捏,294
22582,𢧵,219
22589,齧,2
22594,臬,5
22602,蔑,39
22607,篾,286
22616,覕,5
22627,閉,4
22634,噎,152
22642,挈,2
22645,契,1
22647,鍥,1
22655,撆,277
22658,瞥,4
22665,蹩,4
22668,癟,2
22679,窒,2
22688,捩,1
22693,薛,331
22697,褻,8
22699,泄,179
22712,列,218
22713,𠛱,155
22717,烈,203
22718,洌,1
22719,冽,1
22720,裂,288
22723,鴷,1
22732,哲,236
22733,悊,192
22734,喆,192
22735,嚞,192
22736,蜇,108
22737,傑,297
22738,桀,1
22739,竭,18
22740,碣,1
22744,渴,1
22749,杰,40
22751,熱,371
22755,浙,189
22756,折,271
22762,舌,341
22766,折,220
22767,孽,290
22776,櫱,41
22779,滅,335
22780,搣,7
22782,揭,3
22787,鼈,156
22789,鄨,10
22791,憋,11
22793,絕,352
22795,㔢,1
22797,雪,353
22798,䨮,278
22802,悅,211
22803,說,1
22804,閱,194
22809,缺,4
22811,噦,2
22817,說,338
22818,拙,160
22830,啜,21
22831,輟,13
22840,綴,13
22846,劣,250
22847,𢚃,188
22848,埒,4
22859,瞥,3
22862,癟,14
22863,別,297
22865,轍,136
22866,徹,1
22868,澈,15
22873,扒,1
22874,別,178
22875,㕞,4
22876,刷,10
22880,孑,3
22885,揭,6
22886,設,294
22888,吶,2
22901,茁,2
22906,敠,4
22907,蠽,8
22908,𧓷,8
22919,撤,205
22920,硩,1
22921,徹,190
22931,掣,1
22933,抴,49
22935,藥,298
22936,躍,217
22940,鑰,148
22941,𩱲,1
22942,瀹,1
22951,籥,1
22967,略,215
22970,掠,183
22976,腳,300
22977,脚,229
22981,灼,17
22985,勺,1
22986,酌,165
22988,焯,91
22990,妁,7
22997,爍,3
22998,鑠,1
23004,若,203
23005,弱,337
23007,箬,32
23010,溺,1
23012,惹,2
23015,綽,164
23016,繛,120
23019,約,311
23021,卻,183
23022,却,159
23025,虐,244
23027,瘧,196
23029,勺,196
23031,杓,3
23033,芍,144
23040,削,315
23042,爵,204
23043,𩰥,171
23044,雀,313
23050,嚼,226
23052,鵲,197
23053,舄,3
23063,噱,3
23076,縛,215
23081,籰,27
23089,钁,54
23090,攫,2
23091,矍,1
23097,芍,1
23098,著,276
23104,著,344
23116,謔,5
23117,鐸,154
23119,度,6
23121,踱,128
23132,莫,262
23133,幕,240
23135,膜,278
23137,摸,230
23138,漠,24
23139,瘼,1
23140,寞,186
23148,落,370
23149,絡,196
23150,烙,180
23151,洛,200
23152,珞,1
23153,酪,148
23154,樂,211
23158,硌,1
23159,駱,183
23162,㓢,1
23168,雒,1
23182,託,170
23184,橐,5
23186,籜,1
23189,拓,274
23193,蘀,1
23200,作,321
23202,柞,2
23206,錯,171
23213,各,338
23214,閣,196
23215,格,3
23216,胳,117
23218,恪,1
23222,愕,11
23223,鄂,155
23224,諤,3
23229,萼,10
23230,鍔,3
23233,鶚,3
23234,鰐,16
23235,噩,9
23237,齶,8
23238,顎,40
23250,粕,17
23251,膊,9
23254,搏,12
23261,惡,352
23262,𢙣,273
23265,泊,163
23266,亳,1
23267,箔,6
23268,薄,409
23279,壑,20
23280,𧮸,1
23281,蠚,29
23282,謞,1
23283,郝,115
23288,索,273
23294,涸,8
23295,鶴,225
23305,昨,218
23306,酢,2
23310,鑿,279
23313,柞,38
23322,砟,1
23325,博,262
23326,髆,1
23327,搏,2
23328,爆,4
23345,諾,226
23346,霍,233
23350,藿,143
23358,郭,347
23359,𩫏,270
23360,𨟍,270
23369,蠖,1
23374,穫,26
23375,鑊,170
23384,廓,180
23394,陌,155
23395,帞,37
23399,貘,1
23403,驀,1
23409,𢫦,10
23413,磔,1
23414,虴,5
23424,白,360
23425,帛,148
23426,舶,8
23429,伯,256
23430,迫,183
23431,敀,149
23432,百,348
23433,柏,205
23437,劇,250
23438,屐,167
23442,㘌,116
23443,戟,128
23444,撠,1
23452,索,20
23457,柵,3
23458,䜺,4
23462,嘖,2
23464,窄,224
23465,笮,14
23469,蚱,5
23475,隙,18
23482,額,322
23483,頟,242
23489,逆,297
23495,客,382
23496,喀,8
23498,揢,9
23502,𡍩,265
23505,㿭,77
23506,𤖴,3
23509,拍,240
23510,魄,197
23515,珀,3
23517,𤖼,3
23520,赫,147
23522,嚇,293
23529,格,355
23542,鉻,1
23549,硅,2
23551,宅,178
23552,㡯,122
23553,擇,215
23554,澤,209
23556,翟,1
23564,虢,27
23575,搦,20
23580,麥,350
23581,𧖴,259
23582,脉,275
23583,衇,254
23588,獲,251
23591,劃,210
23596,蟈,2
23599,幗,8
23600,膕,1
23603,摑,2
23612,檗,68
23613,擘,148
23627,嘖,4
23628,責,209
23632,嘖,2
23641,策,238
23642,冊,225
23643,𥬰,155
23654,柵,116
23682,覈,4
23687,核,288
23689,滆,6
23691,隔,321
23692,膈,1
23696,革,255
23706,嗝,7
23707,摘,354
23708,謫,3
23709,讁,1
23716,戹,1
23717,厄,18
23718,搤,133
23719,㧖,144
23720,軶,147
23723,呝,1
23760,昔,181
23761,𦠡,2
23763,惜,320
23774,積,225
23775,脊,297
23777,借,46
23778,迹,30
23779,跡,213
23782,𪃹,2
23785,𩺀,2
23786,鯽,4
23792,益,226
23800,繹,7
23801,睪,1
23802,亦,177
23804,奕,14
23806,譯,201
23809,驛,11
23812,腋,134
23813,掖,4
23815,易,181
23816,液,181
23823,墿,1
23833,釋,195
23836,適,181
23849,尺,312
23850,赤,220
23851,烾,156
23853,㡿,132
23854,斥,151
23860,石,327
23861,碩,28
23867,隻,295
23868,適,2
23869,炙,131
23871,摭,15
23873,蹠,1
23874,跖,1
23880,擲,122
23881,擿,108
23883,躑,1
23884,蹢,1
23889,刺,12
23895,席,328
23896,夕,173
23900,蓆,42
23901,籍,209
23904,藉,126
23907,瘠,1
23917,闢,160
23918,辟,17
23923,役,271
23925,疫,240
23937,辟,18
23938,璧,194
23939,鐴,6
23944,僻,220
23945,辟,157
23946,癖,19
23949,射,143
23950,碧,244
23952,彳,1
23957,錫,334
23958,析,190
23959,㭊,148
23961,皙,3
23964,蜥,1
23966,淅,1
23971,激,193
23972,擊,206
23980,霹,13
23981,劈,260
23986,僻,8
23987,靂,1
23989,酈,4
23991,轢,1
23994,礫,4
23999,櫟,1
24001,歷,219
24002,曆,162
24004,瀝,5
24032,的,184
24034,嫡,151
24037,鏑,2
24039,滴,306
24058,檄,3
24071,荻,1
24072,狄,161
24073,敵,231
24075,翟,3
24076,迪,4
24079,笛,304
24080,𥴦,227
24081,糴,125
24082,籴,93
24084,滌,3
24101,逷,1
24105,剔,188
24106,𠜓,140
24108,惕,31
24111,摘,1
24112,踢,345
24121,績,210
24122,勣,1
24128,喫,34
24129,𠿊,1
24136,溺,149
24138,寂,170
24139,𡧘,132
24140,𡧯,69
24143,覓,183
24144,覛,120
24151,羃,1
24152,汨,1
24170,壁,369
24180,鶪,1
24185,戚,215
24197,鬩,1
24214,職,202
24215,軄,156
24217,織,330
24223,直,343
24227,力,368
24236,敕,2
24237,勅,1
24238,飭,51
24252,稙,67
24253,食,319
24254,蝕,193
24255,息,256
24260,熄,265
24268,殖,165
24269,植,218
24270,埴,1
24271,𡑠,1
24274,識,280
24275,式,204
24276,拭,27
24277,𢂑,1
24278,軾,2
24279,飾,183
24293,極,322
24294,匿,160
24300,測,217
24301,惻,11
24306,憶,214
24307,億,185
24308,臆,4
24314,薏,6
24315,𦺳,1
24320,抑,161
24322,癔,1
24323,色,337
24325,嗇,155
24327,穡,3
24342,棘,23
24350,弋,6
24352,翌,3
24355,翼,231
24356,𩙺,151
24357,𦏵,11
24384,即,212
24385,卽,152
24386,稷,11
24393,鯽,185
24397,唧,1
24398,𪃹,1
24400,逼,297
24401,偪,225
24410,域,259
24424,洫,1
24433,緎,1
24455,仄,13
24459,側,236
24485,德,246
24486,惪,183
24489,得,310
24494,則,219
24495,𠟻,158
24496,𠟭,158
24497,勒,223
24498,肋,183
24509,忒,64
24511,慝,1
24515,刻,346
24516,克,198
24520,特,297
24529,黑,348
24532,墨,313
24533,默,200
24544,賊,347
24545,𧵪,279
24546,鱡,1
24547,鰂,1
24551,塞,242
24552,𡫼,164
24556,北,355
24558,菔,1
24559,蔔,10
24564,仆,2
24571,或,246
24572,惑,147
24576,國,348
24579,劾,2
24587,覆,3
24592,緝,151
24593,葺,1
24598,十,334
24599,什,152
24600,拾,207
24601,褶,6
24602,執,206
24603,汁,295
24608,習,297
24609,襲,186
24619,褶,2
24621,集,334
24622,輯,181
24623,檝,8
24630,入,346
24631,廿,8
24632,揖,118
24633,挹,59
24634,溼,245
24635,濕,287
24636,䏉,1
24637,㗱,3
24650,及,304
24651,𨕤,221
24655,笈,1
24657,蟄,169
24667,立,234
24669,粒,308
24670,笠,288
24673,䇐,3
24676,急,335
24677,汲,4
24678,給,187
24680,級,261
24681,芨,3
24682,𦳌,1
24687,岌,1
24689,泣,168
24690,㬤,6
24691,湆,1
24697,歰,142
24698,澀,206
24699,澁,142
24705,吸,281
24706,噏,195
24707,歙,1
24708,翕,7
24711,熻,22
24722,蕺,2
24726,邑,16
24759,合,314
24760,郃,2
24769,盒,209
24771,鴿,280
24772,合,171
24776,蛤,145
24781,佮,3
24789,答,348
24792,撘,209
24794,褡,4
24797,嗒,3
24801,趿,2
24802,颯,3
24803,靸,3
24804,𩎕,1
24807,𠦃,1
24812,沓,153
24823,蹹,30
24834,踏,72
24837,𦑇,1
24839,濕,1
24853,雜,353
24861,迊,3
24862,𠯗,1
24867,嘁,1
24870,拉,235
24871,搚,172
24872,㩉,172
24881,納,344
24885,衲,1
24909,欱,190
24910,㽺,1
24915,哈,22
24927,盍,4
24928,闔,2
24929,𨶩,1
24936,臘,292
24937,臈,231
24940,鑞,126
24941,蠟,278
24942,䗶,230
24949,邋,5
24951,耷,2
24952,搨,119
24953,㩉,119
24958,褡,2
24961,榻,162
24962,㯓,121
24975,塔,338
24976,搭,44
24977,嗒,1
24978,遢,5
24986,蹋,2
24987,躢,1
25011,閘,1
25012,鉀,1
25016,磕,263
25030,譫,1
25031,葉,348
25039,䈎,17
25041,接,346
25043,睫,9
25044,䀹,2
25047,婕,3
25052,攝,177
25055,歙,1
25057,𥍉,13
25060,涉,253
25061,𣻣,191
25064,獵,253
25065,鬣,1
25066,㲱,1
25067,躐,1
25086,捷,199
25101,聶,239
25102,躡,163
25103,鑷,149
25124,㳧,1
25127,顳,1
25129,囁,1
25134,懾,7
25135,慴,1
25138,摺,253
25142,襵,90
25144,妾,206
25165,輒,7
25173,曄,1
25174,曅,1
25175,饁,5
25176,燁,2
25191,靨,57
25197,帖,272
25201,貼,302
25207,協,287
25208,叶,229
25209,勰,1
25211,挾,159
25212,俠,31
25217,頰,6
25218,𩠣,1
25221,梜,1
25222,莢,14
25226,愜,3
25227,㥦,2
25231,篋,7
25234,牒,164
25235,喋,1
25237,諜,191
25243,曡,221
25244,疊,276
25256,蝶,198
25264,苶,28
25268,捻,6
25272,攝,14
25279,燮,1
25282,躞,1
25306,跕,73
25314,浹,1
25322,洽,154
25323,䨐,138
25324,狹,337
25325,陜,216
25326,陿,215
25328,峽,170
25336,恰,178
25337,掐,128
25347,煠,42
25350,牐,177
25352,夾,313
25354,筴,1
25358,袷,119
25359,裌,142
25367,眨,142
25373,插,346
25391,霎,30
25398,劄,89
25402,凹,8
25407,狎,2
25412,匣,194
25424,鴨,365
25425,壓,269
25428,閘,13
25429,押,191
25430,甲,367
25431,胛,146
25435,鉀,2
25442,啑,2
25449,呷,2
25454,業,334
25455,㸣,273
25456,鄴,2
25469,脅,213
25478,怯,163
25479,㹤,123
25487,劫,223
25493,砝,1
25496,腌,157
25497,䱒,156
25517,乏,256
25520,法,335
25521,灋,273
