方言,區,片／小區,小片,方言點,資料筆數,緯度,經度,編號
官話,東北官話,哈阜片,長錦小片,長春,0,43.817084,125.323542,
官話,北京官話,京師片,,北京,3330,39.904214,116.407413,027
官話,北方官話,保唐片,天津小片,天津,0,39.084158,117.200983,
官話,北方官話,石濟片,邢衡小片,巨鹿,0,37.221112,115.037478,
官話,北方官話,石濟片,聊泰小片,濟南,3139,36.665282,116.994917,028
官話,北方官話,滄惠片,陽壽小片,惠民,0,37.489769,117.510451,
官話,北方官話,滄惠片,莒照小片,日照,0,35.416377,119.526888,
官話,北方官話,廣靈片,,廣靈,272,39.760446,114.282730,029
官話,膠遼官話,登連片,,榮成,0,37.165243,122.486668,
官話,膠遼官話,蓋桓片,,蓋縣,0,40.400509,122.348812,
官話,中原官話,鄭曹片,,鄭州,0,34.746985,113.624899,
官話,中原官話,鄭曹片,,宿州市,751,33.639394,116.985301,030
官話,中原官話,鄭曹片,,渦陽,786,33.505866,116.219806,031
官話,中原官話,鄭曹片,,臨泉,782,33.064578,115.257942,032
官話,中原官話,蔡魯片,,汝南,0,33.007068,114.362412,
官話,中原官話,蔡魯片,,穎上,780,32.642989,116.24960,033
官話,中原官話,洛徐片,,洛陽,0,34.618154,112.454363,
官話,中原官話,洛徐片,,蕭縣,750,34.188728,116.947290,034
官話,中原官話,信蚌片,,蚌埠市,755,32.916287,117.389719,035
官話,中原官話,信蚌片,,鳳陽,751,32.866117,117.561150,036
官話,中原官話,信蚌片,,壽縣,782,32.573450,116.787160,037
官話,中原官話,汾河片,平陽小片,霍州(霍縣),305,36.568931,111.755398,038
官話,中原官話,汾河片,平陽小片,臨汾,307,36.088067,111.518880,039
官話,中原官話,汾河片,平陽小片,聞喜,303,35.356591,111.224658,040
官話,中原官話,汾河片,絳州小片,新絳,305,35.616246,111.224667,042
官話,中原官話,汾河片,解州小片,吉縣,301,36.098188,110.681763,041
官話,中原官話,汾河片,解州小片,運城,325,35.026372,111.007324,043
官話,中原官話,汾河片,解州小片,永濟,306,34.867050,110.447549,044
官話,中原官話,汾河片,解州小片,萬榮,319,23.72457,121.308409,045
官話,中原官話,關中片,,西安,3123,34.264987,108.944269,046
官話,中原官話,秦隴片,,西寧,0,36.617085,101.778208,
官話,中原官話,隴中片,,臨夏,0,35.601182,103.210539,
官話,蘭銀官話,金城片,,蘭州,0,36.06125,103.834377,
官話,蘭銀官話,銀吳片,,銀川,0,38.487194,106.230909,
官話,蘭銀官話,北疆片,,烏魯木齊,0,43.825666,87.617298,
官話,西南官話,成渝片,,成都,0,30.658601,104.064856,
官話,西南官話,成渝片,,重慶,0,29.563010,106.551557,
官話,西南官話,滇西片,姚理小片,大理,0,25.606486,100.267638,
官話,西南官話,昆貴片,,昆明,0,25.037721,102.722202,
官話,西南官話,鄂北片,,鍾祥,0,31.167820,112.588121,
官話,西南官話,武天片,,武昌,3171,30.553899,114.315897,047
官話,西南官話,岑江片,,榕江,0,25.931893,108.521881,
官話,西南官話,湘南片,,零陵,0,26.221882,111.631136,
官話,西南官話,桂柳片,,桂林,0,25.273566,110.290195,
官話,西南官話,桂柳片,,桂林(臨桂),4201,25.238657,110.212557,048
官話,西南官話,桂柳片,,柳州(雒容),4202,24.407662,109.618221,049
官話,江淮官話,洪巢片,,懷遠,777,32.970053,117.205097,050
官話,江淮官話,洪巢片,,天長,332,32.689438,119.003686,051
官話,江淮官話,洪巢片,,淮南,779,32.625478,116.999933,052
官話,江淮官話,洪巢片,,定遠,332,32.525546,117.682952,053
官話,江淮官話,洪巢片,,揚州,0,32.39421,119.412966,
官話,江淮官話,洪巢片,,滁縣(滁州),780,32.301556,118.317107,054
官話,江淮官話,洪巢片,,滁州,330,32.301556,118.317107,055
官話,江淮官話,洪巢片,,全椒,332,32.085271,118.273321,056
官話,江淮官話,洪巢片,,合肥,2997,31.821448,117.227271,057
官話,江淮官話,洪巢片,,六安,332,31.745011,116.505693,058
官話,江淮官話,洪巢片,,含山,332,31.717740,118.108693,059
官話,江淮官話,洪巢片,,巢縣(巢湖),808,31.597061,117.85464,060
官話,江淮官話,洪巢片,,當塗,332,31.571171,118.497727,061
官話,江淮官話,洪巢片,,舒城,332,31.462189,116.948671,062
官話,江淮官話,洪巢片,,蕪湖,811,31.338790,118.385156,063
官話,江淮官話,洪巢片,,無為,332,31.303155,117.902689,064
官話,江淮官話,洪巢片,,桐城,332,31.052070,116.950782,065
官話,江淮官話,洪巢片,,桐城(安徽省志),784,31.052070,116.950782,066
官話,江淮官話,洪巢片,,宣城,807,30.940718,118.758816,067
官話,江淮官話,洪巢片,,樅陽,332,30.700185,117.219963,068
官話,江淮官話,洪巢片,,貴池,805,30.652838,117.487225,069
官話,江淮官話,洪巢片,,青陽,331,30.639170,117.847354,070
官話,江淮官話,洪巢片,,安慶,803,30.524895,117.056857,071
官話,江淮官話,泰如片,,如皋,0,32.369660,120.575669,
官話,江淮官話,黃孝片,,孝感,0,30.924568,113.916903,
晉語,,并州片,,婁煩,221,38.067250,111.797435,072
晉語,,并州片,,太原,3175,37.870662,112.550619,073
晉語,,并州片,,清徐,257,37.607594,112.358501,074
晉語,,并州片,,文水,256,37.437282,112.027285,075
晉語,,并州片,,太谷,245,37.421308,112.551357,076
晉語,,并州片,,祁縣,245,37.358442,112.335424,077
晉語,,并州片,,平遙,268,37.189856,112.176266,078
晉語,,并州片,,孝義,290,37.146405,111.778994,079
晉語,,呂梁片,汾州小片,臨縣,246,37.950758,110.992094,080
晉語,,呂梁片,汾州小片,離石,251,37.517704,111.150591,081
晉語,,呂梁片,汾州小片,汾陽,254,37.265454,111.787759,082
晉語,,呂梁片,興隰小片,嵐縣,237,38.279455,111.671841,083
晉語,,呂梁片,興隰小片,石樓,244,36.998494,110.834505,084
晉語,,呂梁片,興隰小片,隰縣,228,36.693355,110.940658,085
晉語,,呂梁片,興隰小片,汾西,314,36.652855,111.563951,086
晉語,,上黨片,,沁縣,216,36.756146,112.699155,087
晉語,,上黨片,,平順,218,36.200001,113.436112,088
晉語,,上黨片,,長治,215,36.195386,113.116255,089
晉語,,上黨片,,長子,219,36.122334,112.877900,090
晉語,,上黨片,,高平,220,35.797990,112.923941,091
晉語,,上黨片,,陵川,224,35.775685,113.280688,092
晉語,,五台片,,朔州,226,39.331149,112.432714,093
晉語,,五台片,,代縣,223,39.066900,112.960258,094
晉語,,五台片,,五寨,215,38.911100,111.846825,095
晉語,,五台片,,五台,219,38.728315,113.255306,096
晉語,,五台片,,忻州,232,38.416364,112.734269,097
晉語,,大包片,,天鎮,214,40.420386,114.090861,098
晉語,,大包片,,大同,224,40.076816,113.300126,099
晉語,,大包片,,山陰,228,39.526227,112.816600,100
晉語,,大包片,,平定,219,37.804296,113.629539,101
晉語,,大包片,,和順,218,37.328984,113.570012,102
晉語,,邯新片,獲濟小片,晉城,217,35.490870,112.851768,103
晉語,,邯新片,獲濟小片,陽城,229,35.486029,112.414738,104
吳語,,太湖片,毗陵小片,丹陽後巷童家橋,2136,32.089303,119.788092,105
吳語,,太湖片,毗陵小片,靖江,2102,32.014818,120.274490,106
吳語,,太湖片,毗陵小片,丹陽,2158,31.991159,119.575340,107
吳語,,太湖片,毗陵小片,江陰,2242,31.920673,120.284946,108
吳語,,太湖片,毗陵小片,海門,0,31.893726,121.170601,
吳語,,太湖片,毗陵小片,常州,2185,31.810077,119.974454,109
吳語,,太湖片,毗陵小片,金壇西崗,2149,31.698545,119.480333,110
吳語,,太湖片,毗陵小片,溧陽,2100,31.416911,119.484211,111
吳語,,太湖片,毗陵小片,宜興,2069,31.338638,119.822282,112
吳語,,太湖片,蘇滬嘉小片,常熟,2083,31.653584,120.752507,113
吳語,,太湖片,蘇滬嘉小片,無錫,2244,31.566145,120.303027,114
吳語,,太湖片,蘇滬嘉小片,寶山霜草墩,2126,31.488899,121.311327,115
吳語,,太湖片,蘇滬嘉小片,寶山羅店,566,31.413130,121.342353,116
吳語,,太湖片,蘇滬嘉小片,崑山,2154,31.384913,120.981150,117
吳語,,太湖片,蘇滬嘉小片,嘉定,0,31.375620,121.265256,
吳語,,太湖片,蘇滬嘉小片,蘇州,3226,31.298886,120.585316,118
吳語,,太湖片,蘇滬嘉小片,蘇州(當代吳語),2300,31.298886,120.585316,119
吳語,,太湖片,蘇滬嘉小片,上海,622,31.230393,121.473704,120
吳語,,太湖片,蘇滬嘉小片,南匯周浦,595,31.115894,121.574210,121
吳語,,太湖片,蘇滬嘉小片,松江,602,31.032243,121.227747,122
吳語,,太湖片,蘇滬嘉小片,吳江黎里,558,30.989207,120.710078,123
吳語,,太湖片,蘇滬嘉小片,吳江盛澤,557,30.901594,120.661136,124
吳語,,太湖片,蘇滬嘉小片,嘉興,578,30.753924,120.758543,125
吳語,,太湖片,蘇滬嘉小片,上海(三林塘),6363,31.143023,121.510793,126
吳語,,太湖片,苕溪小片,湖州雙林,324,30.781701,120.324766,127
吳語,,太湖片,杭州小片,杭州,294,30.274089,120.155069,128
吳語,,太湖片,臨紹小片,餘姚,334,30.037197,121.154629,129
吳語,,太湖片,臨紹小片,紹興,314,29.995762,120.586109,130
吳語,,太湖片,臨紹小片,諸暨王家井,298,29.633070,120.213918,131
吳語,,太湖片,臨紹小片,嵊縣崇仁,300,29.604375,120.707259,132
吳語,,太湖片,臨紹小片,嵊縣太平,298,29.463925,120.598984,133
吳語,,太湖片,甬江小片,寧波,326,29.868336,121.543990,134
吳語,,台州片,,黃岩,308,28.650206,121.261625,135
吳語,,甌江片,,溫州,3371,27.994267,120.699367,136
吳語,,婺州片,,東陽(巍山鎮),0,29.325961,120.436027,
吳語,,婺州片,,蘭溪(諸葛鎮),0,29.249726,119.296140,
吳語,,婺州片,,金華,344,29.079164,119.647421,137
吳語,,婺州片,,永康,296,28.888782,120.047394,138
吳語,,處衢片,處州小片,雲和,3594,28.115800,119.573404,139
吳語,,處衢片,龍衢小片,開化,4433,29.137337,118.415495,140
吳語,,處衢片,龍衢小片,龍游,3469,29.028341,119.172355,141
吳語,,處衢片,龍衢小片,衢州,300,28.935810,118.874375,142
吳語,,處衢片,龍衢小片,常山,3837,28.901343,118.511287,143
吳語,,處衢片,龍衢小片,江山(江山市),3248,28.737245,118.626636,144
吳語,,處衢片,龍衢小片,玉山,3446,28.682055,118.245124,145
吳語,,處衢片,龍衢小片,遂昌,3429,28.592044,119.276252,146
吳語,,處衢片,龍衢小片,廣豐(永豐鎮),3486,28.439000,118.192000,147
吳語,,處衢片,龍衢小片,浦城(南浦鎮城關話),3069,27.917432,118.535146,148
吳語,,處衢片,龍衢小片,慶元,3423,27.619226,119.062512,149
吳語,,宣州片,銅涇小片,當塗縣年陡鄉,0,31.432092,118.462244,
吳語,,宣州片,銅涇小片,蕪湖縣灣址鎮,0,31.338790,118.385156,
吳語,,宣州片,銅涇小片,宣州市裘公鄉,2239,31.189111,118.696898,150
吳語,,宣州片,銅涇小片,蕪湖縣,798,31.134807,118.576121,151
吳語,,宣州片,銅涇小片,繁昌縣城關鎮,0,31.082940,118.199483,
吳語,,宣州片,銅涇小片,繁昌,787,31.082940,118.199483,152
吳語,,宣州片,銅涇小片,銅陵縣太平鄉,0,31.022110,117.838903,
吳語,,宣州片,銅涇小片,銅陵縣,788,30.944530,117.810841,153
吳語,,宣州片,銅涇小片,南陵(仙坊話),792,30.914930,118.334260,154
吳語,,宣州片,銅涇小片,南陵縣奚灘鄉,0,30.810727,118.469511,
吳語,,宣州片,銅涇小片,青陽縣童埠鎮,0,30.721552,117.806854,
吳語,,宣州片,銅涇小片,涇縣,788,30.690538,118.406438,155
吳語,,宣州片,銅涇小片,涇縣茂林鎮,0,30.506434,118.254550,
吳語,,宣州片,銅涇小片,黃山區廣陽鄉,0,30.372074,117.956542,
吳語,,宣州片,銅涇小片,石台縣七都鎮,0,30.236132,117.780390,
吳語,,宣州片,太高小片,當塗縣湖陽鄉,0,31.425618,118.793848,
吳語,,宣州片,太高小片,貴池市茅坦鄉,2193,30.702784,117.777988,156
吳語,,宣州片,太高小片,寧國市莊村鄉,2290,30.546943,119.186250,157
吳語,,宣州片,太高小片,黃山區永豐鄉,0,30.429393,117.969969,
吳語,,宣州片,太高小片,貴池市灌口鄉,2179,30.419968,117.386866,158
吳語,,宣州片,太高小片,寧國市南極鄉,2267,30.396603,119.075013,159
吳語,,宣州片,太高小片,黃山區甘棠鎮,2150,30.295363,118.136363,160
吳語,,宣州片,石陵小片,涇縣厚岸鄉,0,30.547041,118.058863,
吳語,,宣州片,石陵小片,青陽縣陵陽鎮,0,30.419470,117.901361,
吳語,,宣州片,石陵小片,石台,777,30.210169,117.486511,161
吳語,,宣州片,石陵小片,石台縣橫渡鄉,0,30.186787,117.557930,
徽語,,績歙片,,旌德(安徽省志),792,30.286350,118.540487,162
徽語,,績歙片,,績溪(華陽鎮),0,30.089688,116.760055,
徽語,,績歙片,,績溪(安徽省志),789,30.070866,118.595680,163
徽語,,績歙片,,歙縣(徽城鎮),0,29.866173,118.435147,
徽語,,休黟片,,黃山(湯口)(安徽省志),790,30.078581,118.191097,164
徽語,,休黟片,,黟縣(安徽省志),780,29.924811,117.938262,165
徽語,,休黟片,,黟縣(碧陽鎮),0,29.920188,117.943235,
徽語,,休黟片,,祁門(安徽省志),775,29.854054,117.717386,166
徽語,,休黟片,,休寧(海陽鎮),0,29.789967,118.178745,
徽語,,休黟片,,屯溪(屯溪城裡),0,29.711390,118.333723,
徽語,,休黟片,,屯溪(安徽省志),782,29.711390,118.333723,167
徽語,,休黟片,,婺源(紫陽鎮),0,29.261436,117.861603,
徽語,,祁德片,,祁門(祁山鎮),0,29.848091,117.725874,
徽語,,嚴州片,,淳安(淳城鎮),0,29.608773,119.041864,
徽語,,嚴州片,,建德(梅城鎮),0,29.540490,119.504186,
徽語,,嚴州片,,遂安(獅城鎮),0,29.488724,119.236749,
徽語,,嚴州片,,壽昌(壽昌鎮),0,29.357913,119.220720,
贛語,,昌靖片,,湖口,1428,29.739440,116.220266,168
贛語,,昌靖片,,星子,1428,29.448037,116.044893,169
贛語,,昌靖片,,都昌,1710,29.273194,116.204099,170
贛語,,昌靖片,,修水,1744,29.025707,114.547356,171
贛語,,昌靖片,,永修,1426,29.021824,115.809111,172
贛語,,昌靖片,,平江(南江),1736,28.971453,113.746311,173
贛語,,昌靖片,,安義,1766,28.844429,115.549199,174
贛語,,昌靖片,,奉新,1449,28.700806,115.384904,175
贛語,,昌靖片,,南昌,1417,28.683160,115.858089,176
贛語,,昌靖片,,南昌(漢語方音字匯),0,28.683160,115.858089,
贛語,,昌靖片,,高安,1448,28.417261,115.375618,177
贛語,,宜瀏片,,宜豐,1757,28.393613,114.803542,178
贛語,,宜瀏片,,上高,1454,28.232827,114.924494,179
贛語,,宜瀏片,,萬載,1421,28.104550,114.447551,180
贛語,,宜瀏片,,新余(沙土),1637,27.819984,114.937489,181
贛語,,宜瀏片,,醴陵(白兔潭),1738,27.792026,113.670777,182
贛語,,宜瀏片,,萍鄉,1474,27.622865,113.854676,183
贛語,,吉茶片,,永豐,1452,27.317869,115.441477,184
贛語,,吉茶片,,蓮花,1495,27.127669,113.961465,185
贛語,,吉茶片,,吉安,1437,27.113039,114.992913,186
贛語,,吉茶片,,吉水(螺田),1724,27.004408,115.544618,187
贛語,,吉茶片,,永新,1715,26.945233,114.242675,188
贛語,,吉茶片,,泰和,1444,26.790231,114.908861,189
贛語,,吉茶片,,茶陵,1745,26.777661,113.539224,190
贛語,,撫廣片,,東鄉,1433,28.236118,116.590465,191
贛語,,撫廣片,,臨川,1435,27.977282,116.360068,192
贛語,,撫廣片,,南城,1754,27.552748,116.644658,193
贛語,,撫廣片,,宜黃,1422,27.546146,116.222128,194
贛語,,撫廣片,,邵武,1843,27.340399,117.492599,195
贛語,,撫廣片,,黎川,1430,27.295061,116.911808,196
贛語,,撫廣片,,南豐,1429,27.218445,116.525725,197
贛語,,撫廣片,,泰寧縣,0,26.900248,117.175614,
贛語,,撫廣片,,泰寧(城關話),3419,26.900248,117.175614,198
贛語,,撫廣片,,建寧,1748,26.830902,116.846084,199
贛語,,撫廣片,,建寧(城關話),3319,26.830902,116.846084,200
贛語,,鷹弋片,,樂平,1427,28.961902,117.129169,201
贛語,,鷹弋片,,波陽,1411,28.859051,117.335662,202
贛語,,鷹弋片,,余干,1449,28.702302,116.695647,203
贛語,,鷹弋片,,橫峰,1417,28.407118,117.596452,204
贛語,,鷹弋片,,弋陽,1740,28.378044,117.449588,205
贛語,,大通片,,陽新(國和),1733,29.830258,115.215227,206
贛語,,懷岳片,,岳西,795,30.849442,116.359893,207
贛語,,懷岳片,,懷寧,799,30.734310,116.829694,208
贛語,,懷岳片,,潛山,798,30.631139,116.581257,209
贛語,,懷岳片,,太湖,788,30.454220,116.308799,210
贛語,,懷岳片,,宿松(河塔),1716,30.153740,116.129104,211
贛語,,懷岳片,,宿松(安徽省志),800,30.153740,116.129104,212
贛語,,懷岳片,,望江,806,30.124422,116.694117,213
贛語,,懷岳片,,東至,787,30.096687,117.027538,214
湘語,,長益片,,湘陰,0,28.670807,112.883301,
湘語,,長益片,,益陽,0,28.553883,112.355582,
湘語,,長益片,,長沙,3340,28.228209,112.938814,215
湘語,,長益片,,湘潭,0,27.829738,112.944049,
湘語,,長益片,,邵東,0,27.258942,111.744258,
湘語,,長益片,,衡山,0,27.230411,112.868244,
湘語,,長益片,,洪江,0,27.203906,109.833838,
湘語,,婁邵片,,安化,0,28.374107,111.212846,
湘語,,婁邵片,,新化,0,27.726515,111.327412,
湘語,,婁邵片,,婁底,0,27.701693,111.996001,
湘語,,婁邵片,,雙峰,3269,27.459144,112.192446,216
湘語,,婁邵片,,邵陽,0,27.239973,111.468236,
湘語,,婁邵片,,隆回,0,27.113978,111.032438,
湘語,,婁邵片,,武岡,0,26.726599,110.631884,
湘語,,婁邵片,,祁陽,0,26.580120,111.840657,
湘語,,婁邵片,,城步,0,26.355278,110.311900,
湘語,,婁邵片,,全州(縣城),4230,25.928617,111.072926,217
湘語,,婁邵片,,灌陽(文市),4193,25.678357,111.200360,218
湘語,,吉漵片,,古丈,0,28.616935,109.950728,
湘語,,吉漵片,,沅陵,0,28.452726,110.393844,
湘語,,吉漵片,,吉首,0,28.262360,109.698092,
湘語,,吉漵片,,漵浦,0,27.909979,110.593979,
閩語,閩南區,泉漳片,,永春,0,25.323635,118.294759,
閩語,閩南區,泉漳片,,漳平(永福),0,25.056482,117.309464,
閩語,閩南區,泉漳片,,龍岩,0,25.100632,117.034030,
閩語,閩南區,泉漳片,,南安(溪美鎮),4277,24.960385,118.386279,219
閩語,閩南區,泉漳片,,泉州,0,24.907574,118.586812,
閩語,閩南區,泉漳片,,晉江(青陽鎮),2722,24.815079,118.580527,220
閩語,閩南區,泉漳片,,長泰,0,24.625449,117.759153,
閩語,閩南區,泉漳片,,漳州,4358,24.513321,117.647363,221
閩語,閩南區,泉漳片,,廈門,4428,24.479836,118.089420,222
閩語,閩南區,泉漳片,,漳浦,4442,24.117135,117.613817,223
閩語,閩南區,泉漳片,,龍岩(適中中心村),0,24.883907,117.104749,
閩語,閩南區,泉漳片,,漳平(新橋南豐村),0,25.622481,117.473449,
閩語,閩南區,泉漳片,,龍岩(萬安涂潭村),0,25.379517,117.009827,
閩語,閩南區,泉漳片,,晉江(英林鎮),0,24.6274456,118.578639,
閩語,閩南區,大田片,,大田,4,25.687566,117.848104,224
閩語,閩南區,大田片,,大田(前路話),1845,25.687566,117.848104,225
閩語,閩南區,潮汕片,,潮州(府城話),2557,23.656972,116.622597,226
閩語,閩南區,潮汕片,,潮州(漢語方音字匯),3483,23.656972,116.622597,227
閩語,閩南區,潮汕片,,揭陽(榕城話),2539,23.549993,116.372831,228
閩語,閩南區,潮汕片,,澄海,3949,23.466496,116.755858,229
閩語,閩南區,潮汕片,,汕頭(汕頭市區),2542,23.353362,116.681943,230
閩語,閩南區,潮汕片,,海豐(海城鎮),2520,22.973017,115.337230,231
閩語,閩南區,潮汕片,,陸豐(內湖鎮),2532,22.975898,115.835409,232
閩語,閩南區,潮汕片,,大埔元洲仔(香港新界福佬話),2029,22.446875,114.176488,233
閩語,閩南區,雷州片,,電白(霞洞鎮黎話),2315,21.734791,111.115315,234
閩語,閩南區,雷州片,,遂溪,0,21.377219,110.250170,
閩語,閩南區,雷州片,,海康(雷城話),2533,20.694242,109.791453,235
閩語,莆仙區,,,仙游(城關話),4495,25.362051,118.691599,236
閩語,莆仙區,,,莆田,4191,25.454085,119.007777,237
閩語,閩東區,侯官片,,古田,3398,26.577841,118.746087,238
閩語,閩東區,侯官片,,尤溪,0,26.170171,118.190467,
閩語,閩東區,侯官片,,馬祖,1538,26.162183,119.962251,239
閩語,閩東區,侯官片,,福州,3642,26.074508,119.296494,240
閩語,閩東區,侯官片,,福清,4251,25.720229,119.383735,241
閩語,閩東區,福寧片,,壽寧,0,27.460631,119.504956,
閩語,閩東區,福寧片,,福鼎,0,27.324479,120.216978,
閩語,閩東區,福寧片,,柘榮,4248,27.234418,119.900554,242
閩語,閩東區,福寧片,,福安,3951,27.088049,119.647770,243
閩語,閩東區,福寧片,,寧德,3500,26.666291,119.526287,244
閩語,閩北區,西北片,,崇安,0,27.753000,118.036900,
閩語,閩北區,西北片,,崇安(崇城鎮城關話),3333,27.753000,118.036900,245
閩語,閩北區,西北片,,石陂,3235,27.699177,118.369541,246
閩語,閩北區,西北片,,建陽(潭城鎮城關話),3029,27.331909,118.120518,247
閩語,閩北區,東南片,,松溪,2981,27.526232,118.785468,248
閩語,閩北區,東南片,,建甌,3473,27.022725,118.304988,249
閩語,閩北區,東南片,,建甌(市志),3747,27.022725,118.304988,250
閩語,閩中區,,,沙縣(城關話),3423,26.397300,117.792450,251
閩語,閩中區,,,明溪(城關話),3465,26.355857,117.202226,252
閩語,閩中區,,,三明(三元話),3047,26.263432,117.638709,253
閩語,閩中區,,,永安,0,25.941937,117.365053,
閩語,瓊文區,府城片,,澄邁,0,19.738521,110.006755,
閩語,廣西閩語,,,平南(上渡雅埠)(廣西漢語方言),4498,23.536176,110.377941,254
閩語,閩方言島,,,中山(隆都)(珠江三角洲),6111,23.574028,116.730264,255
閩語,閩方言島,,,中山(隆都)(廣東閩方言),2464,23.574028,116.730264,256
閩語,閩方言島,,,中山(三鄉),2311,22.345332,113.426510,257
閩語,海外閩語,,,曼谷(潮州話),4430,13.820310,100.664710,258
閩語,海外閩語,,,馬來西亞(柔佛新山潮州話),0,1.463430,103.754715,
閩語,邵將過渡區,,,順昌,0,26.793295,117.810258,
閩語,邵將過渡區,,,將樂(城關話),3768,26.728588,117.471810,259
粵語,,廣府片,,樂昌,4317,25.130103,113.347578,260
粵語,,廣府片,,仁化,4282,25.085621,113.749027,261
粵語,,廣府片,,韶關,4288,24.810403,113.597522,262
粵語,,廣府片,,曲江(馬壩),2772,24.682728,113.604549,263
粵語,,廣府片,,英德(浛洸),0,24.258395,113.127981,
粵語,,廣府片,,英德,4217,24.186062,113.415045,264
粵語,,廣府片,,佛岡,4301,23.879192,113.531607,265
粵語,,廣府片,,清遠,4297,23.681801,113.056042,266
粵語,,廣府片,,從化(城內),4191,23.548404,113.586365,267
粵語,,廣府片,,花縣(花山),4276,23.449658,113.269762,268
粵語,,廣府片,,桂平(縣城),4212,23.394326,110.079379,269
粵語,,廣府片,,增城(縣城),4373,23.289339,113.837658,270
粵語,,廣府片,,三水(西南),4269,23.155926,112.896652,271
粵語,,廣府片,,廣州,3071,23.129163,113.264435,272
粵語,,廣府片,,肇慶(高要),4326,23.025404,112.457775,273
粵語,,廣府片,,佛山(市區),4303,23.021548,113.121416,274
粵語,,廣府片,,番禺(市橋),4264,22.951902,113.374448,275
粵語,,廣府片,,雲浮(雲城),4501,22.928115,112.043856,276
粵語,,廣府片,,南海(沙頭),4077,22.913668,113.031416,277
粵語,,廣府片,,高明(明城),4269,22.900103,112.892333,278
粵語,,廣府片,,順德(大良),4426,22.844015,113.246946,279
粵語,,廣府片,,新田蕃田(圍頭話),2733,22.700702,114.088427,280
粵語,,廣府片,,新興,4265,22.695698,112.225342,281
粵語,,廣府片,,大埔三門仔(蜑家話),2372,22.460365,114.204047,282
粵語,,廣府片,,大埔泰亨(圍頭話),2825,22.440897,114.164743,283
粵語,,廣府片,,香港(市區),4512,22.396428,114.109497,284
粵語,,廣府片,,西貢蠔涌(圍頭話),2810,22.355548,114.250586,285
粵語,,廣府片,,澳門(市區),4396,22.198745,113.543873,286
粵語,,廣府片,,寧明(縣城),4198,22.140567,107.076530,287
粵語,,廣府片,,北海(廉州鎮),3538,21.660152,109.200530,288
粵語,,廣府片,,北海(南康鎮),3572,21.588868,109.449293,289
粵語,,廣府片,,北海(沙田鎮海邊話),3426,21.515984,109.659537,290
粵語,,廣府片,,北海(市區白話),3577,21.481217,109.119899,291
粵語,,廣府片,,北海(營盤鎮佤話),3456,21.456788,109.446522,292
粵語,,高陽片,,百色(市內),4211,23.902371,106.618275,293
粵語,,高陽片,,南寧(市內),4197,22.817642,108.365631,294
粵語,,高陽片,,欽州(市內),4191,21.980968,108.654543,295
粵語,,高陽片,,陽江,0,21.857938,111.982207,
粵語,,高陽片,,北海(市內),4193,21.481217,109.119899,296
粵語,,四邑片,,鶴山(雅瑤),4276,22.765435,112.964283,297
粵語,,四邑片,,江門(白沙),4262,22.578723,113.081831,298
粵語,,四邑片,,新會(會城),4267,22.458300,113.034187,299
粵語,,四邑片,,開平(赤坎),4192,22.376484,112.698534,300
粵語,,四邑片,,斗門(上橫水上話),4293,22.371552,113.214716,301
粵語,,四邑片,,台山(台城),4141,22.251924,112.794065,302
粵語,,四邑片,,斗門(斗門鎮),4362,22.234906,113.198819,303
粵語,,四邑片,,恩平(牛江),4186,22.183229,112.305126,304
粵語,,勾漏片,,臨桂(五通)(土話),4360,25.238657,110.212557,305
粵語,,勾漏片,,融水(縣城)(土拐話),4359,25.066613,109.256516,306
粵語,,勾漏片,,連縣(清水),4184,24.780554,112.377534,307
粵語,,勾漏片,,平樂(張家)(土話),4360,24.633395,110.643242,308
粵語,,勾漏片,,連山(布田),4288,24.570465,112.093506,309
粵語,,勾漏片,,宜州(德勝)(百姓話),4363,24.485099,108.636617,310
粵語,,勾漏片,,陽山,4232,24.466675,112.626495,311
粵語,,勾漏片,,蒙山(西河),4213,24.201745,110.522144,312
粵語,,勾漏片,,信都(鋪門),4190,23.989179,111.724921,313
粵語,,勾漏片,,懷集,4303,23.911933,112.184647,314
粵語,,勾漏片,,百色(那畢)(平話),4363,23.902371,106.618275,315
粵語,,勾漏片,,廣寧,4286,23.634671,112.440683,316
粵語,,勾漏片,,武宣(樟村)(伢話),4359,23.594110,109.663207,317
粵語,,勾漏片,,封開(南豐),4160,23.424033,111.512343,318
粵語,,勾漏片,,四會,4338,23.326504,112.733773,319
粵語,,勾漏片,,郁南(平台),4198,23.234627,111.535249,320
粵語,,勾漏片,,賓陽(新橋)(賓陽話),4358,23.217829,108.810344,321
粵語,,勾漏片,,德慶,4404,23.143677,111.785878,322
粵語,,勾漏片,,貴港(南江),4194,23.111531,109.598927,323
粵語,,勾漏片,,南寧(沙井)(平話),4365,22.817642,108.365631,324
粵語,,勾漏片,,羅定,4247,22.768595,111.570011,325
粵語,,勾漏片,,北流(唐僚),4213,22.708311,110.354215,326
粵語,,勾漏片,,橫縣(縣城),4203,22.680054,109.261369,327
粵語,,勾漏片,,扶綏(龍頭)(平話),4360,22.635013,107.904187,328
粵語,,勾漏片,,崇左(四排話)(平話),4366,22.377281,107.364962,329
粵語,,勾漏片,,博白(縣城),4195,22.273050,109.976531,330
粵語,,吳化片,,靈山(縣城),4191,22.416537,109.291007,331
粵語,,吳化片,,浦北(縣城),4183,22.271651,109.556953,332
粵語,,香山片,,中山(石岐),4401,22.516686,113.392795,333
粵語,,香山片,,珠海(前山),4381,22.270715,113.576726,334
粵語,,莞寶片,,東莞(莞城),4387,23.020536,113.751765,335
粵語,,莞寶片,,寶安(沙井),4640,22.737893,113.802593,336
粵語,,莞寶片,,香港(新界錦田),4182,22.453700,114.066400,337
粵語,,海外粵語,,馬來西亞(吉隆坡廣東話),0,3.139003,101.686855,
粵語,,海外粵語,,曼谷(廣府話),4300,13.82031,100.664710,338
平話,,桂北片,兩靈小片,寧遠(清水橋),3532,25.880825,111.952200,339
平話,,桂北片,兩靈小片,龍勝(紅瑤),4356,25.877753,110.143277,340
平話,,桂北片,兩靈小片,靈川(三街),4436,25.463987,110.392641,341
平話,,桂北片,兩靈小片,靈川(潭下),4371,25.452188,110.288861,342
平話,,桂北片,兩靈小片,桂林(朝陽),4366,25.264338,110.344740,343
平話,,桂北片,兩靈小片,桂林(雁山竹園),4362,25.247464,110.282864,344
平話,,桂北片,兩靈小片,臨桂(兩江),4012,25.204605,110.022681,345
平話,,桂北片,兩靈小片,永福(桃城),4352,24.979667,109.981026,346
平話,,桂北片,兩靈小片,陽朔(驥馬),4358,24.778433,110.496682,347
平話,,桂北片,義融小片,臨桂(五通),4319,25.374643,110.069472,348
平話,,桂北片,義融小片,融水(融水鎮),4297,25.078862,109.258508,349
平話,,桂北片,義融小片,平樂(青龍),3130,24.508281,110.844584,350
平話,,桂南片,西南小片,富寧(剝隘),3903,23.929477,106.075395,351
平話,,桂南片,西南小片,百色(那畢)(平話音韻研究),4044,23.883690,106.621100,352
平話,,桂南片,西南小片,馬山(喬利),4012,23.635538,108.110126,353
平話,,桂南片,西南小片,田東(林逢),4394,23.589748,107.211219,354
平話,,桂南片,西南小片,賓陽(蘆墟),3747,23.222253,108.813205,355
平話,,桂南片,西南小片,南寧(亭子),4116,22.789454,108.322845,356
平話,,桂南片,西南小片,橫縣(橫州),4178,22.697010,109.278543,357
平話,,桂南片,西南小片,扶綏(龍頭),4107,22.694345,107.960567,358
平話,,桂南片,西南小片,龍州(上龍),3910,22.417347,106.855434,359
平話,,桂南片,東南小片,藤縣(藤城),4119,23.376423,110.913939,360
平話,,桂南片,東南小片,鬱林(福綿),4281,22.579849,110.050863,361
客語,,粵台片,龍華小片,從化(呂田),4101,23.810703,113.950523,362
客語,,粵台片,龍華小片,河源(廣東),1671,23.743538,114.700450,363
客語,,粵台片,龍華小片,揭西(廣東),1680,23.431191,115.841783,364
客語,,粵台片,龍華小片,河源(紫金縣柏埔鎮),0,23.7047496,114.849821,
客語,,粵台片,梅惠小片,梅縣(廣東),3493,24.265265,116.082129,365
客語,,粵台片,梅惠小片,惠州(市區),4347,23.111847,114.416196,366
客語,,粵台片,梅惠小片,東莞(清溪)(客贛方言調查報告),1671,22.841723,114.165204,367
客語,,粵台片,梅惠小片,東莞(清溪),4265,22.841723,114.165204,368
客語,,粵台片,梅惠小片,深圳(沙頭角),4264,22.550000,114.216667,369
客語,,粵台片,梅惠小片,沙頭角麻雀嶺(香港新界),2897,22.530740,114.201496,370
客語,,粵台片,梅惠小片,西貢荔枝莊(香港新界),2918,22.456845,114.300095,371
客語,,粵台片,梅惠小片,沙田赤泥坪(香港新界),2912,22.418144,114.201962,372
客語,,粵台片,梅惠小片,香港,1654,22.396428,114.109497,373
客語,,粵台片,梅惠小片,屯門楊小坑(香港新界),2924,22.394755,113.966843,374
客語,,粵北片,,連南(廣東),1672,24.726017,112.287012,375
客語,,粵北片,,翁源(廣東),1690,24.350347,114.130342,376
客語,,汀州片,,寧化(福建),1746,26.261754,116.654365,377
客語,,汀州片,,長汀(福建),1717,25.833310,116.351820,378
客語,,汀州片,,武平(福建),1741,25.095506,116.100349,379
客語,,汀州片,,秀篆(福建詔安),1660,24.102458,116.967220,380
客語,,寧龍片,,寧都(江西),1694,26.471255,116.013150,381
客語,,寧龍片,,寧都縣梅江鎮,3339,26.468166,116.021963,382
客語,,寧龍片,,石城,1452,26.326564,116.343479,383
客語,,寧龍片,,龍南,1449,24.911107,114.789811,384
客語,,寧龍片,,定南,1442,24.784410,115.027845,385
客語,,寧龍片,,全南,1448,24.742401,114.530125,386
客語,,寧龍片,,全南縣城廂鎮,2974,24.739972,114.526892,387
客語,,于信片,,于都,1480,25.952066,115.415510,388
客語,,于信片,,上猶縣社溪鄉江頭,3603,25.935586,114.600054,389
客語,,于信片,,贛縣(江西蟠龍鎮),1662,25.821508,114.871560,390
客語,,于信片,,上猶(江西),1458,25.790805,114.537225,391
客語,,于信片,,南康,1449,25.661356,114.765238,392
客語,,于信片,,南康市蓉江鎮,3641,25.661356,114.765238,393
客語,,于信片,,大余(江西),1731,25.395200,114.358083,394
客語,,于信片,,安遠縣欣山鎮,3423,25.138390,115.394376,395
客語,,于信片,,安遠,1454,25.136925,115.393922,396
客語,,銅桂片,,修水縣黃沙橋鄉,3494,28.919841,114.676910,397
客語,,銅桂片,,澡溪,1452,28.748384,114.967994,398
客語,,銅桂片,,平江(嘉義鎮),0,28.639059,113.850407,
客語,,銅桂片,,三都(江西銅鼓),1682,28.566542,114.453869,399
客語,,銅桂片,,銅鼓,1451,28.520747,114.370980,400
客語,,銅桂片,,瀏陽(小河鄉),0,28.219331,114.064220,
客語,,銅桂片,,醴陵(南橋鎮),0,27.851005,113.678628,
客語,,銅桂片,,攸縣(漕泊鄉),0,27.197801,113.788162,
客語,,銅桂片,,茶陵(桃坑鄉),0,26.665428,113.757260,
客語,,銅桂片,,十都(炎陵縣十都鄉),0,26.546801,113.941817,
客語,,銅桂片,,井岡山,1450,26.544110,114.147335,401
客語,,銅桂片,,水口(炎陵縣水口鎮),0,26.319645,113.808772,
客語,,銅桂片,,新田(冀村鎮),0,25.906574,112.221573,
客語,,銅桂片,,汝城(濠頭),0,25.716443,113.817547,
客語,,銅桂片,,汝城(三江口),0,25.365171,113.757054,
客語,,銅桂片,,汝城(三江口鎮),0,25.365171,113.757054,
客語,,銅桂片,,宜章(關溪鎮),0,25.116364,112.966732,
客語,,銅桂片,,江華(未竹口鄉),0,24.866610,111.820619,
客語,,粵西片,,信宜思賀,1681,22.469187,111.577707,402
客語,,粵西片,,信宜錢排,1695,22.368556,111.254340,403
客語,,粵西片,,陽春三甲,1675,22.062300,111.506950,404
客語,,粵西片,,高州新垌,1722,21.906868,111.074764,405
客語,,粵西片,,廉江石角,1680,21.890738,110.323543,406
客語,,粵西片,,陽西塘口,1689,21.827616,111.579373,407
客語,,粵西片,,電白沙琅,1671,21.783483,111.230111,408
客語,,粵西片,,化州新安,1690,21.652739,110.428305,409
客語,,粵西片,,廉江青平,1661,21.627930,109.917811,410
客語,,廣西客語,,梧州西河(蒙山),1662,24.198292,110.519913,411
客語,,廣西客語,,南寧馬山(片聯),4187,23.458533,108.029219,412
客語,,廣西客語,,玉林興業(高峰鄉),4264,22.982309,109.881408,413
客語,,廣西客語,,玉林容縣(縣底鎮縣底村),4137,22.975210,110.572500,414
客語,,廣西客語,,玉林北流(西埌鎮木棉村),4184,22.744944,110.300591,415
客語,,廣西客語,,玉林北流(塘岸),4198,22.592584,110.269637,416
客語,,廣西客語,,玉林福綿(橋鎮新沙村),4121,22.579849,110.050863,417
客語,,廣西客語,,玉林陸川(客贛方言調查報告),1660,22.321058,110.264118,418
客語,,廣西客語,,玉林陸川(橫山鄉四和村),4194,22.240387,110.164941,419
客語,,廣西客語,,玉林博白(新田鎮村頭村),4208,21.967567,109.930749,420
客語,,客語方言島,,中山(南蓢合水),4324,22.492542,113.531779,421
客語,,客語方言島,,中山(五桂山、南蓈),1,22.447717,113.402778,
客語,,海外客語,,曼谷(半山客話),4326,13.820310,100.664710,422
客語,,海外客語,,馬來西亞(柔佛士乃客家話),3663,1.620287,103.656334,423
其他土話,桂東桂北土話,,,富川(七都話),4356,24.814444,111.277389,424
其他土話,桂東桂北土話,,,富川(八都話),4376,24.814444,111.277389,425
其他土話,桂東桂北土話,,,鍾山(公安),4355,24.478941,111.193098,426
其他土話,桂東桂北土話,,,賀州(九都話),4365,24.403570,111.566753,427
其他土話,湘南土話,,,湖南(道縣),4354,25.526438,111.600796,428
其他土話,湘南土話,,,江永城關(白水村),2304,25.274500,111.389000,429
其他土話,湘南土話,,,江永城關(市區),0,25.271960,111.345900,
其他土話,粵北土話(韶州土話),連州土話,,豐陽,2831,25.048997,112.278445,430
其他土話,粵北土話(韶州土話),連州土話,,星子,2856,24.998785,112.560464,431
其他土話,粵北土話(韶州土話),連州土話,,西岸,2899,24.922030,112.291528,432
其他土話,粵北土話(韶州土話),連州土話,,保安,2859,24.911742,112.394404,433
其他土話,粵北土話(韶州土話),連州土話,,連州,2889,24.780554,112.377534,434
