element,cid1,cid2
tone,0019 0026 0038 0079 0105 0111 0148 0159 0177 0199 0235 0240 0256 0277 0290 0344 0345 0364 0389 0437 0512 0559 0660 0730 0743 0777 0785 0873 0924 0981,0003 0039 0045 0048 0061 0106 0112 0121 0133 0150 0160 0168 0172 0182 0186 0190 0192 0216 0230 0233 0234 0236 0265 0296 0309 0321 0335 0353 0361 0365 0397 0463 0473 0481 0499 0508 0524 0542 0568 0592 0606 0619 0625 0684 0779 0814 0860 0896 0925 0951 0977 0986
tone,0019 0026 0038 0079 0105 0111 0148 0159 0177 0199 0235 0240 0256 0277 0290 0344 0345 0364 0389 0437 0512 0559 0660 0730 0743 0777 0785 0873 0924 0981,0030 0141 0331 0369 0466 0556 0595 0724 0749 0831 0833 0870
tone,0030 0141 0331 0369 0466 0556 0595 0724 0749 0831 0833 0870,0005 0008 0017 0020 0021 0024 0028 0034 0040 0041 0043 0057 0062 0063 0072 0073 0077 0088 0090 0092 0099 0104 0107 0109 0126 0128 0138 0146 0149 0164 0200 0204 0212 0219 0223 0229 0237 0244 0246 0250 0262 0272 0276 0281 0286 0288 0291 0295 0298 0304 0314 0332 0337 0340 0342 0351 0360 0362 0387 0393 0399 0416 0427 0439 0482 0484 0492 0503 0504 0527 0530 0541 0558 0569 0589 0590 0604 0641 0661 0662 0671 0680 0681 0693 0707 0727 0729 0746 0766 0775 0783 0795 0801 0832 0835 0837 0866 0868 0871 0877 0891 0895 0918 0932 0944 0982 0988
final,0119 0120 0121 0122 0123 0124,0131
final,0131,0143
final,0374 0375 0376 0377,0387 0389 0390 0391
final,0378 0379 0380,0393
final,0093 0094 0096,0113 0114 0115 0116 0117
final,0086 0087,0107 0108
final,0778 0780 0781,0733 0734 0735 0736 0737
final,0204 0223 0238 0239 0240,0152 0153
initial,0238 0240,0153
final,0204 0223 0238 0239 0240,0202 0203 0221
final,0204 0223 0238 0239 0240,0222 0235 0236 0237
initial,0238 0240,0222 0237
final,0152 0153,0202 0203 0221
final,0155 0156 0157 0158 0159 0160 0161 0162 0163 0164 0165 0166 0167,0198 0206 0207 0210 0211 0212 0213 0216 0217 0225 0226 0227 0228 0242 0244 0245 0246 0247 0248 0249
final,0165 0208,0242 0244 0246 0247
final,0834 0835 0851,0794 0795 0796 0797 0798 0799
final,0858 0859 0860 0861 0862 0863 0866 0868 0869 0870 0871 0872 0874 0881 0882 0889 0890 0891 0892 0893 0897 0898 0899 0900,0810 0816 0817
final,0876 0877 0878 0879 0880,0811 0812 0815
final,0885 0902 0903 0905 0907,0819 0820 0828 0883
final,0886 0887,0821 0825
initial,0269 0348 0437 0606 0615 0695 0703 0767 0951 0962 0977,0195 0267 0268 0346 0347 0438 0604 0605 0614 0692 0693 0694 0764 0765 0949 0961 0975 0976
initial,0251 0980,0020 0178 0193 0219 0220 0231 0291 0391 0468 0562 0563 0680 0719 0930 0946 0947 0965 0968
initial,0011 0133 0296 0344 0345 0379 0386 0473 0625 0934,0128 0295 0394 0472 0933
initial,0026 0056 0078 0079 0180 0182 0185 0186 0190 0192 0568 0576 0578 0583 0584 0674 0761 0830 0910 0911,0024 0025 0054 0055 0077 0179 0566 0673 0760 0763
initial,0044 0083 0443,0043 0163 0164 0314 0315 0352 0442 0506 0507 0537 0589 0603 0632 0729 0820 0874 0899 0907
initial,0045 0353 0730,0043 0163 0164 0314 0315 0352 0442 0506 0507 0537 0589 0603 0632 0729 0820 0874 0899 0907
initial,0044 0083 0443,0505 0536 0588
initial,0045 0353 0730,0453 0602 0728 0873
initial,0087 0143 0356 0736,0032
initial,0594 0683 0685 0742 0880,0085 0203 0261 0316 0355 0444 0591 0634 0732 0876 0954
initial,0594 0683 0685 0742 0880,0048 0111 0112 0240 0456 0518 0652 0684 0743 0814 0887 0994 0995
initial,0048 0111 0112 0240 0456 0518 0652 0684 0743 0814 0887 0994 0995,0089 0110 0153 0238 0262 0318 0360 0447 0510 0637 0741 0815 0879 0970
initial,0014 0029 0135 0140 0171 0198 0555 0663 0850 0859 0889,0058 0134 0169 0297 0488 0491 0497 0544 0552 0553 0705 0810 0857
initial,0120 0282 0327 0334 0430 0463 0532 0709 0894 0923,0001 0017 0062 0131 0156 0175 0280 0326 0332 0372 0387 0427 0428 0461 0533 0558 0794 0796 0804 0832 0890 0891 0917 0943
initial,0012 0320 0414 0659 0699 0958,0330 0362 0449 0458 0538 0539 0551 0596 0641 0657 0691 0698 0745 0756 0863 0973
initial,0014 0029 0135 0140 0171 0198 0555 0663 0850 0859 0889,0013 0059 0139 0213 0299 0498 0528 0571 0842 0903
initial,0120 0282 0327 0334 0430 0463 0532 0709 0894 0923,0002 0157 0333 0374 0434 0462 0531 0573 0623 0708 0716 0893 0904 0920 0922
initial,0012 0320 0414 0659 0699 0958,0597 0621 0881
initial,0061 0199 0214 0277 0714 0843 0860,0058 0134 0169 0297 0488 0491 0497 0544 0552 0553 0705 0810 0857
initial,0003 0121 0159 0160 0216 0335 0389 0559 0574 0896 0905 0924 0925 0937 0948,0001 0017 0062 0131 0156 0175 0280 0326 0332 0372 0387 0427 0428 0461 0533 0558 0794 0796 0804 0832 0890 0891 0917 0943
initial,0364 0365 0512 0660,0330 0362 0449 0458 0538 0539 0551 0596 0641 0657 0691 0698 0745 0756 0863 0973
initial,0061 0199 0214 0277 0714 0843 0860,0013 0059 0139 0213 0299 0498 0528 0571 0842 0903
initial,0003 0121 0159 0160 0216 0335 0389 0559 0574 0896 0905 0924 0925 0937 0948,0002 0157 0333 0374 0434 0462 0531 0573 0623 0708 0716 0893 0904 0920 0922
initial,0364 0365 0512 0660,0597 0621 0881
final,0782 0783 0785,0705 0706 0707 0708 0709 0710 0711 0712 0713
final,0782 0783 0785,0723 0724 0725 0726 0727 0728 0729 0730 0745 0746 0747
final,0789 0790 0791,0714 0716 0717 0718 0719 0720 0721 0722
final,0789 0790 0791,0751 0752 0756
final,0831 0850,0793
final,0836 0839 0840 0852,0794 0795 0796 0797 0798 0799
final,0841 0842 0843 0853,0802 0803
final,0848,0808 0809
final,0844 0854,0804 0806 0807
final,0836 0839 0840 0852,0858 0859 0860 0861 0862 0863 0866 0868 0869 0870 0871 0872 0874 0881 0882 0889 0890 0891 0892 0893 0897 0898 0899 0900
initial,0382 0805,0435 0475 0574 0905 0937 0948
final,0199 0215,0155 0212 0213
final,0199 0215,0195 0267 0268 0269
final,0714 0715 0786,0570 0571 0572
final,0714 0715 0786,0276 0277 0278 0279
final,0819 0820 0828 0883,0646 0647 0648 0649 0656
final,0822 0824,0651
final,0821 0825,0650 0652
final,0802 0803,0902 0903
final,0714,0715 0786
final,0843,0841 0842 0853
tone,0022 0094 0123 0175 0191 0220 0315 0507 0863 0919,0003 0061 0121 0186 0224 0236 0473 0860
tone,0456 0518 0574 0576 0578 0650 0652 0806 0821 0843 0885 0887 0905 0937 0948 0962,0011 0012 0014 0029 0032 0044 0047 0078 0087 0135 0140 0143 0147 0171 0180 0198 0207 0239
tone,0383 0547 0715 0849,0422 0520 0617 0758 0853 0964 0972
tone,0456 0518 0574 0576 0578 0650 0652 0806 0821 0843 0885 0887 0905 0937 0948 0962,0488 0570 0649 0690 0808 0809 0941 0970
tone,0422 0520 0617 0758 0853 0964 0972,0488 0570 0649 0690 0808 0809 0941 0970
tone,0422 0520 0617 0758 0853 0964 0972,0456 0518 0574 0576 0578 0650 0652 0806 0821 0843 0885 0887 0905 0937 0948 0962
tone,0656 0757,0488 0570 0649 0690 0808 0809 0941 0970
final,0306 0307 0309,0276 0277 0278 0279 0280 0281 0282 0283 0284 0285 0286 0287 0288 0290 0291 0292 0295 0296
final,0306 0307 0309,0310 0311 0312 0313 0314 0315 0320 0321 0322 0323 0324 0325 0326 0327 0328 0330
final,0137 0145 0146 0147 0148,0132 0133
final,0485 0486 0487 0494 0495,0469 0470 0471 0472 0473 0474
final,0485 0486 0487 0494 0495,0497 0498 0499 0500 0501 0503 0504 0505 0506 0507 0512 0523 0524 0527 0528 0529 0531 0532 0533 0534 0535 0536 0537 0538 0539 0540 0541 0542 0543
final,0564 0565 0566 0568 0569,0581 0582 0583
final,0399 0400,0393
final,0399 0400,0409 0410 0411 0414 0415 0416 0417 0418 0419 0423 0424 0425 0427 0428 0429 0430 0431 0432
initial,0084 0202 0260 0633 0731 0953,0109 0152 0204 0358 0412 0421 0455 0509 0590 0593 0635 0681 0811 0877 0878 0969 0982 0983
initial,0354 0517 0780 0967,0046 0359 0682 0690 0812 0956 0984
